====================================================================================================
E1-E4  TIE APPROXIMATION x PREDICTION PROTOCOL x THREE-ARM DECOMPOSITION
  20 splits per configuration; test fraction 0.3
  D_T > 0 favours the grouped cloglog joint MLE.
  'N-B SE' is Nadeau-Bengio corrected for overlapping resamples;
  it is the standard error the resolution verdict uses.
====================================================================================================

----------------------------------------------------------------------------------------------------
metabric @ T=4   n=1904  rows/bin=476  modal bin mass=0.3771
  exact-discrete cost on the full cohort = 527,408 (max_t d_t = 276); budget = 8,000,000 -> FEASIBLE
  20 full splits, 0 subsampled splits, 52s

  FULL COHORT  (20 splits)   D_T = NLL(arm) - NLL(grouped cloglog)
    arm                                             D_T   naive SE    N-B SE   |D|/NB   verdict
    arm2-logit:breslow                         +0.00220    0.00114   0.00351     0.63   not resolved
    arm2-logit:efron                           +0.00068    0.00072   0.00223     0.30   not resolved
    arm2-logit:exact-discrete                  +0.00098    0.00030   0.00094     1.05   not resolved
    arm2:breslow                               -0.00040    0.00068   0.00211     0.19   not resolved
    arm2:efron                                 -0.00024    0.00007   0.00022     1.10   not resolved
    arm2:exact-discrete                        +0.00351    0.00080   0.00248     1.42   not resolved
    cox:breslow+breslow                        +0.00689    0.00173   0.00535     1.29   not resolved
    cox:breslow+kalbfleisch-prentice           -0.00040    0.00068   0.00211     0.19   not resolved
    cox:breslow+nelson-aalen                   +0.01637    0.00216   0.00667     2.45   grouped wins
    cox:efron+breslow                          +0.00761    0.00157   0.00485     1.57   not resolved
    cox:efron+kalbfleisch-prentice             -0.00024    0.00007   0.00022     1.10   not resolved
    cox:efron+nelson-aalen                     +0.01941    0.00221   0.00685     2.83   grouped wins
    cox:exact-discrete+breslow                 +0.01161    0.00145   0.00448     2.59   grouped wins
    cox:exact-discrete+kalbfleisch-prentice    +0.00351    0.00080   0.00248     1.42   not resolved
    cox:exact-discrete+nelson-aalen            +0.02603    0.00233   0.00719     3.62   grouped wins
    ours:joint-logit                           +0.00100    0.00030   0.00094     1.06   not resolved
    ------------------------------------------------------------------------------------
    E1 coefficient effect, alpha profiled by MLE in the matching link
      tie method            vs cloglog MLE     NB SE   vs logit MLE     NB SE
      breslow                     -0.00040   0.00211       +0.00120   0.00331
      efron                       -0.00024   0.00022       -0.00032   0.00203
      exact-discrete              +0.00351   0.00248       -0.00002   0.00002
    ------------------------------------------------------------------------------------
    E3 decomposition of D_T (Efron coefficients)
      baseline representation  arm1 -> arm2 = +0.00785  (NB SE 0.00475)
      coefficient estimation   arm2 -> arm3 = -0.00024  (NB SE 0.00022)
      total                    arm1 -> arm3 = +0.00761  (NB SE 0.00485)
      share of D_T attributable to the baseline = 103.1%

----------------------------------------------------------------------------------------------------
metabric @ T=6   n=1904  rows/bin=317  modal bin mass=0.2621
  exact-discrete cost on the full cohort = 422,688 (max_t d_t = 221); budget = 8,000,000 -> FEASIBLE
  20 full splits, 0 subsampled splits, 45s

  FULL COHORT  (20 splits)   D_T = NLL(arm) - NLL(grouped cloglog)
    arm                                             D_T   naive SE    N-B SE   |D|/NB   verdict
    arm2-logit:breslow                         +0.00094    0.00094   0.00289     0.32   not resolved
    arm2-logit:efron                           +0.00054    0.00056   0.00174     0.31   not resolved
    arm2-logit:exact-discrete                  +0.00092    0.00024   0.00074     1.24   not resolved
    arm2:breslow                               -0.00074    0.00054   0.00166     0.44   not resolved
    arm2:efron                                 -0.00013    0.00004   0.00012     1.06   not resolved
    arm2:exact-discrete                        +0.00196    0.00059   0.00181     1.08   not resolved
    cox:breslow+breslow                        +0.00313    0.00128   0.00395     0.79   not resolved
    cox:breslow+kalbfleisch-prentice           -0.00074    0.00054   0.00166     0.44   not resolved
    cox:breslow+nelson-aalen                   +0.01408    0.00183   0.00565     2.49   grouped wins
    cox:efron+breslow                          +0.00394    0.00108   0.00333     1.18   not resolved
    cox:efron+kalbfleisch-prentice             -0.00013    0.00004   0.00012     1.06   not resolved
    cox:efron+nelson-aalen                     +0.01698    0.00186   0.00575     2.95   grouped wins
    cox:exact-discrete+breslow                 +0.00611    0.00096   0.00298     2.05   grouped wins
    cox:exact-discrete+kalbfleisch-prentice    +0.00196    0.00059   0.00181     1.08   not resolved
    cox:exact-discrete+nelson-aalen            +0.02105    0.00193   0.00598     3.52   grouped wins
    ours:joint-logit                           +0.00094    0.00024   0.00074     1.27   not resolved
    ------------------------------------------------------------------------------------
    E1 coefficient effect, alpha profiled by MLE in the matching link
      tie method            vs cloglog MLE     NB SE   vs logit MLE     NB SE
      breslow                     -0.00074   0.00166       +0.00000   0.00273
      efron                       -0.00013   0.00012       -0.00039   0.00161
      exact-discrete              +0.00196   0.00181       -0.00002   0.00002
    ------------------------------------------------------------------------------------
    E3 decomposition of D_T (Efron coefficients)
      baseline representation  arm1 -> arm2 = +0.00407  (NB SE 0.00328)
      coefficient estimation   arm2 -> arm3 = -0.00013  (NB SE 0.00012)
      total                    arm1 -> arm3 = +0.00394  (NB SE 0.00333)
      share of D_T attributable to the baseline = 103.4%

----------------------------------------------------------------------------------------------------
metabric @ T=10   n=1904  rows/bin=190  modal bin mass=0.1786
  exact-discrete cost on the full cohort = 213,248 (max_t d_t = 111); budget = 8,000,000 -> FEASIBLE
  20 full splits, 0 subsampled splits, 54s

  FULL COHORT  (20 splits)   D_T = NLL(arm) - NLL(grouped cloglog)
    arm                                             D_T   naive SE    N-B SE   |D|/NB   verdict
    arm2-logit:breslow                         +0.00007    0.00068   0.00210     0.03   not resolved
    arm2-logit:efron                           +0.00036    0.00043   0.00132     0.27   not resolved
    arm2-logit:exact-discrete                  +0.00074    0.00024   0.00074     1.00   not resolved
    arm2:breslow                               -0.00081    0.00037   0.00116     0.70   not resolved
    arm2:efron                                 -0.00008    0.00002   0.00007     1.17   not resolved
    arm2:exact-discrete                        +0.00114    0.00042   0.00129     0.89   not resolved
    cox:breslow+breslow                        +0.00087    0.00085   0.00263     0.33   not resolved
    cox:breslow+kalbfleisch-prentice           -0.00081    0.00037   0.00116     0.70   not resolved
    cox:breslow+nelson-aalen                   +0.01157    0.00163   0.00503     2.30   grouped wins
    cox:efron+breslow                          +0.00164    0.00075   0.00232     0.71   not resolved
    cox:efron+kalbfleisch-prentice             -0.00008    0.00002   0.00007     1.17   not resolved
    cox:efron+nelson-aalen                     +0.01376    0.00172   0.00531     2.59   grouped wins
    cox:exact-discrete+breslow                 +0.00285    0.00069   0.00212     1.34   not resolved
    cox:exact-discrete+kalbfleisch-prentice    +0.00114    0.00042   0.00129     0.89   not resolved
    cox:exact-discrete+nelson-aalen            +0.01605    0.00176   0.00544     2.95   grouped wins
    ours:joint-logit                           +0.00077    0.00024   0.00074     1.03   not resolved
    ------------------------------------------------------------------------------------
    E1 coefficient effect, alpha profiled by MLE in the matching link
      tie method            vs cloglog MLE     NB SE   vs logit MLE     NB SE
      breslow                     -0.00081   0.00116       -0.00069   0.00195
      efron                       -0.00008   0.00007       -0.00041   0.00120
      exact-discrete              +0.00114   0.00129       -0.00002   0.00002
    ------------------------------------------------------------------------------------
    E3 decomposition of D_T (Efron coefficients)
      baseline representation  arm1 -> arm2 = +0.00173  (NB SE 0.00230)
      coefficient estimation   arm2 -> arm3 = -0.00008  (NB SE 0.00007)
      total                    arm1 -> arm3 = +0.00164  (NB SE 0.00232)
      share of D_T attributable to the baseline = 105.1%

----------------------------------------------------------------------------------------------------
metabric @ T=20   n=1904  rows/bin=95  modal bin mass=0.1092
  exact-discrete cost on the full cohort = 110,432 (max_t d_t = 57); budget = 8,000,000 -> FEASIBLE
  20 full splits, 0 subsampled splits, 60s

  FULL COHORT  (20 splits)   D_T = NLL(arm) - NLL(grouped cloglog)
    arm                                             D_T   naive SE    N-B SE   |D|/NB   verdict
    arm2-logit:breslow                         +0.00000    0.00041   0.00127     0.00   not resolved
    arm2-logit:efron                           +0.00037    0.00027   0.00084     0.43   not resolved
    arm2-logit:exact-discrete                  +0.00069    0.00019   0.00060     1.14   not resolved
    arm2:breslow                               -0.00055    0.00022   0.00067     0.81   not resolved
    arm2:efron                                 -0.00004    0.00001   0.00004     1.11   not resolved
    arm2:exact-discrete                        +0.00053    0.00023   0.00070     0.76   not resolved
    cox:breslow+breslow                        -0.00052    0.00049   0.00150     0.35   not resolved
    cox:breslow+kalbfleisch-prentice           -0.00055    0.00022   0.00067     0.81   not resolved
    cox:breslow+nelson-aalen                   +0.00977    0.00156   0.00483     2.02   grouped wins
    cox:efron+breslow                          -0.00002    0.00044   0.00135     0.01   not resolved
    cox:efron+kalbfleisch-prentice             -0.00004    0.00001   0.00004     1.11   not resolved
    cox:efron+nelson-aalen                     +0.01111    0.00164   0.00506     2.20   grouped wins
    cox:exact-discrete+breslow                 +0.00054    0.00040   0.00123     0.44   not resolved
    cox:exact-discrete+kalbfleisch-prentice    +0.00053    0.00023   0.00070     0.76   not resolved
    cox:exact-discrete+nelson-aalen            +0.01222    0.00166   0.00512     2.38   grouped wins
    ours:joint-logit                           +0.00071    0.00020   0.00060     1.18   not resolved
    ------------------------------------------------------------------------------------
    E1 coefficient effect, alpha profiled by MLE in the matching link
      tie method            vs cloglog MLE     NB SE   vs logit MLE     NB SE
      breslow                     -0.00055   0.00067       -0.00071   0.00117
      efron                       -0.00004   0.00004       -0.00034   0.00070
      exact-discrete              +0.00053   0.00070       -0.00003   0.00003
    ------------------------------------------------------------------------------------
    E3 decomposition of D_T (Efron coefficients)
      baseline representation  arm1 -> arm2 = +0.00002  (NB SE 0.00134)
      coefficient estimation   arm2 -> arm3 = -0.00004  (NB SE 0.00004)
      total                    arm1 -> arm3 = -0.00002  (NB SE 0.00135)
      share of D_T attributable to the baseline = -120.6%

----------------------------------------------------------------------------------------------------
nwtco @ T=4   n=4028  rows/bin=1007  modal bin mass=0.8488
  exact-discrete cost on the full cohort = 588,088 (max_t d_t = 145); budget = 8,000,000 -> FEASIBLE
  20 full splits, 0 subsampled splits, 148s

  FULL COHORT  (20 splits)   D_T = NLL(arm) - NLL(grouped cloglog)
    arm                                             D_T   naive SE    N-B SE   |D|/NB   verdict
    arm2-logit:breslow                         -0.00040    0.00024   0.00074     0.54   not resolved
    arm2-logit:efron                           -0.00029    0.00013   0.00040     0.74   not resolved
    arm2-logit:exact-discrete                  +0.00003    0.00005   0.00015     0.17   not resolved
    arm2:breslow                               -0.00030    0.00014   0.00042     0.71   not resolved
    arm2:efron                                 -0.00002    0.00001   0.00002     0.98   not resolved
    arm2:exact-discrete                        +0.00052    0.00013   0.00039     1.33   not resolved
    cox:breslow+breslow                        -0.00033    0.00019   0.00059     0.57   not resolved
    cox:breslow+kalbfleisch-prentice           -0.00030    0.00014   0.00042     0.71   not resolved
    cox:breslow+nelson-aalen                   +0.00039    0.00042   0.00130     0.30   not resolved
    cox:efron+breslow                          -0.00005    0.00013   0.00041     0.13   not resolved
    cox:efron+kalbfleisch-prentice             -0.00002    0.00001   0.00002     0.98   not resolved
    cox:efron+nelson-aalen                     +0.00075    0.00044   0.00137     0.55   not resolved
    cox:exact-discrete+breslow                 +0.00048    0.00019   0.00059     0.81   not resolved
    cox:exact-discrete+kalbfleisch-prentice    +0.00052    0.00013   0.00039     1.33   not resolved
    cox:exact-discrete+nelson-aalen            +0.00136    0.00051   0.00158     0.86   not resolved
    ours:joint-logit                           +0.00003    0.00005   0.00015     0.22   not resolved
    ------------------------------------------------------------------------------------
    E1 coefficient effect, alpha profiled by MLE in the matching link
      tie method            vs cloglog MLE     NB SE   vs logit MLE     NB SE
      breslow                     -0.00030   0.00042       -0.00043   0.00071
      efron                       -0.00002   0.00002       -0.00033   0.00037
      exact-discrete              +0.00052   0.00039       -0.00001   0.00001
    ------------------------------------------------------------------------------------
    E3 decomposition of D_T (Efron coefficients)
      baseline representation  arm1 -> arm2 = -0.00004  (NB SE 0.00041)
      coefficient estimation   arm2 -> arm3 = -0.00002  (NB SE 0.00002)
      total                    arm1 -> arm3 = -0.00005  (NB SE 0.00041)
      share of D_T attributable to the baseline = 69.5%

----------------------------------------------------------------------------------------------------
nwtco @ T=6   n=4028  rows/bin=671  modal bin mass=0.7964
  exact-discrete cost on the full cohort = 487,388 (max_t d_t = 120); budget = 8,000,000 -> FEASIBLE
  20 full splits, 0 subsampled splits, 207s

  FULL COHORT  (20 splits)   D_T = NLL(arm) - NLL(grouped cloglog)
    arm                                             D_T   naive SE    N-B SE   |D|/NB   verdict
    arm2-logit:breslow                         -0.00030    0.00019   0.00058     0.52   not resolved
    arm2-logit:efron                           -0.00016    0.00010   0.00031     0.52   not resolved
    arm2-logit:exact-discrete                  +0.00009    0.00004   0.00013     0.67   not resolved
    arm2:breslow                               -0.00024    0.00010   0.00032     0.76   not resolved
    arm2:efron                                 -0.00001    0.00000   0.00001     0.98   not resolved
    arm2:exact-discrete                        +0.00033    0.00008   0.00026     1.28   not resolved
    cox:breslow+breslow                        -0.00032    0.00015   0.00047     0.68   not resolved
    cox:breslow+kalbfleisch-prentice           -0.00024    0.00010   0.00032     0.76   not resolved
    cox:breslow+nelson-aalen                   +0.00041    0.00040   0.00123     0.33   not resolved
    cox:efron+breslow                          -0.00009    0.00009   0.00029     0.32   not resolved
    cox:efron+kalbfleisch-prentice             -0.00001    0.00000   0.00001     0.98   not resolved
    cox:efron+nelson-aalen                     +0.00070    0.00042   0.00131     0.53   not resolved
    cox:exact-discrete+breslow                 +0.00025    0.00012   0.00036     0.68   not resolved
    cox:exact-discrete+kalbfleisch-prentice    +0.00033    0.00008   0.00026     1.28   not resolved
    cox:exact-discrete+nelson-aalen            +0.00109    0.00047   0.00145     0.75   not resolved
    ours:joint-logit                           +0.00010    0.00004   0.00013     0.75   not resolved
    ------------------------------------------------------------------------------------
    E1 coefficient effect, alpha profiled by MLE in the matching link
      tie method            vs cloglog MLE     NB SE   vs logit MLE     NB SE
      breslow                     -0.00024   0.00032       -0.00040   0.00053
      efron                       -0.00001   0.00001       -0.00025   0.00026
      exact-discrete              +0.00033   0.00026       -0.00001   0.00001
    ------------------------------------------------------------------------------------
    E3 decomposition of D_T (Efron coefficients)
      baseline representation  arm1 -> arm2 = -0.00008  (NB SE 0.00028)
      coefficient estimation   arm2 -> arm3 = -0.00001  (NB SE 0.00001)
      total                    arm1 -> arm3 = -0.00009  (NB SE 0.00029)
      share of D_T attributable to the baseline = 88.4%

----------------------------------------------------------------------------------------------------
nwtco @ T=10   n=4028  rows/bin=403  modal bin mass=0.7654
  exact-discrete cost on the full cohort = 253,764 (max_t d_t = 62); budget = 8,000,000 -> FEASIBLE
  20 full splits, 0 subsampled splits, 358s

  FULL COHORT  (20 splits)   D_T = NLL(arm) - NLL(grouped cloglog)
    arm                                             D_T   naive SE    N-B SE   |D|/NB   verdict
    arm2-logit:breslow                         -0.00025    0.00011   0.00034     0.72   not resolved
    arm2-logit:efron                           -0.00013    0.00006   0.00018     0.72   not resolved
    arm2-logit:exact-discrete                  +0.00002    0.00002   0.00008     0.31   not resolved
    arm2:breslow                               -0.00015    0.00006   0.00018     0.84   not resolved
    arm2:efron                                 -0.00001    0.00000   0.00001     0.95   not resolved
    arm2:exact-discrete                        +0.00018    0.00005   0.00016     1.18   not resolved
    cox:breslow+breslow                        -0.00023    0.00009   0.00027     0.86   not resolved
    cox:breslow+kalbfleisch-prentice           -0.00015    0.00006   0.00018     0.84   not resolved
    cox:breslow+nelson-aalen                   +0.00050    0.00038   0.00119     0.42   not resolved
    cox:efron+breslow                          -0.00008    0.00006   0.00017     0.49   not resolved
    cox:efron+kalbfleisch-prentice             -0.00001    0.00000   0.00001     0.95   not resolved
    cox:efron+nelson-aalen                     +0.00068    0.00040   0.00125     0.55   not resolved
    cox:exact-discrete+breslow                 +0.00010    0.00007   0.00022     0.47   not resolved
    cox:exact-discrete+kalbfleisch-prentice    +0.00018    0.00005   0.00016     1.18   not resolved
    cox:exact-discrete+nelson-aalen            +0.00090    0.00043   0.00133     0.68   not resolved
    ours:joint-logit                           +0.00003    0.00002   0.00007     0.43   not resolved
    ------------------------------------------------------------------------------------
    E1 coefficient effect, alpha profiled by MLE in the matching link
      tie method            vs cloglog MLE     NB SE   vs logit MLE     NB SE
      breslow                     -0.00015   0.00018       -0.00028   0.00032
      efron                       -0.00001   0.00001       -0.00016   0.00016
      exact-discrete              +0.00018   0.00016       -0.00001   0.00001
    ------------------------------------------------------------------------------------
    E3 decomposition of D_T (Efron coefficients)
      baseline representation  arm1 -> arm2 = -0.00008  (NB SE 0.00017)
      coefficient estimation   arm2 -> arm3 = -0.00001  (NB SE 0.00001)
      total                    arm1 -> arm3 = -0.00008  (NB SE 0.00017)
      share of D_T attributable to the baseline = 92.4%

----------------------------------------------------------------------------------------------------
nwtco @ T=20   n=4028  rows/bin=201  modal bin mass=0.7157
  exact-discrete cost on the full cohort = 140,980 (max_t d_t = 34); budget = 8,000,000 -> FEASIBLE
  20 full splits, 0 subsampled splits, 1494s

  FULL COHORT  (20 splits)   D_T = NLL(arm) - NLL(grouped cloglog)
    arm                                             D_T   naive SE    N-B SE   |D|/NB   verdict
    arm2-logit:breslow                         -0.00016    0.00006   0.00018     0.85   not resolved
    arm2-logit:efron                           -0.00009    0.00003   0.00010     0.85   not resolved
    arm2-logit:exact-discrete                  -0.00001    0.00002   0.00005     0.12   not resolved
    arm2:breslow                               -0.00008    0.00003   0.00009     0.89   not resolved
    arm2:efron                                 -0.00000    0.00000   0.00001     0.92   not resolved
    arm2:exact-discrete                        +0.00008    0.00002   0.00008     1.12   not resolved
    cox:breslow+breslow                        -0.00017    0.00004   0.00014     1.19   not resolved
    cox:breslow+kalbfleisch-prentice           -0.00008    0.00003   0.00009     0.89   not resolved
    cox:breslow+nelson-aalen                   +0.00054    0.00038   0.00119     0.46   not resolved
    cox:efron+breslow                          -0.00009    0.00003   0.00008     1.05   not resolved
    cox:efron+kalbfleisch-prentice             -0.00000    0.00000   0.00001     0.92   not resolved
    cox:efron+nelson-aalen                     +0.00064    0.00039   0.00122     0.52   not resolved
    cox:exact-discrete+breslow                 +0.00000    0.00003   0.00010     0.00   not resolved
    cox:exact-discrete+kalbfleisch-prentice    +0.00008    0.00002   0.00008     1.12   not resolved
    cox:exact-discrete+nelson-aalen            +0.00074    0.00041   0.00126     0.59   not resolved
    ours:joint-logit                           +0.00000    0.00001   0.00005     0.06   not resolved
    ------------------------------------------------------------------------------------
    E1 coefficient effect, alpha profiled by MLE in the matching link
      tie method            vs cloglog MLE     NB SE   vs logit MLE     NB SE
      breslow                     -0.00008   0.00009       -0.00016   0.00017
      efron                       -0.00000   0.00001       -0.00009   0.00009
      exact-discrete              +0.00008   0.00008       -0.00001   0.00001
    ------------------------------------------------------------------------------------
    E3 decomposition of D_T (Efron coefficients)
      baseline representation  arm1 -> arm2 = -0.00008  (NB SE 0.00008)
      coefficient estimation   arm2 -> arm3 = -0.00000  (NB SE 0.00001)
      total                    arm1 -> arm3 = -0.00009  (NB SE 0.00008)
      share of D_T attributable to the baseline = 94.5%

----------------------------------------------------------------------------------------------------
flchain @ T=4   n=7874  rows/bin=1968  modal bin mass=0.6929
  exact-discrete cost on the full cohort = 4,283,456 (max_t d_t = 543); budget = 8,000,000 -> FEASIBLE
  20 full splits, 0 subsampled splits, 780s

  FULL COHORT  (20 splits)   D_T = NLL(arm) - NLL(grouped cloglog)
    arm                                             D_T   naive SE    N-B SE   |D|/NB   verdict
    arm2-logit:breslow                         +0.00343    0.00105   0.00325     1.06   not resolved
    arm2-logit:efron                           -0.00018    0.00092   0.00284     0.06   not resolved
    arm2-logit:exact-discrete                  -0.00082    0.00047   0.00145     0.57   not resolved
    arm2:breslow                               -0.00051    0.00096   0.00297     0.17   not resolved
    arm2:efron                                 -0.00194    0.00077   0.00238     0.82   not resolved
    arm2:exact-discrete                        +0.01093    0.00332   0.01029     1.06   not resolved
    cox:breslow+breslow                        +0.00225    0.00096   0.00298     0.75   not resolved
    cox:breslow+kalbfleisch-prentice           -0.00051    0.00096   0.00297     0.17   not resolved
    cox:breslow+nelson-aalen                   +0.02351    0.00123   0.00379     6.20   grouped wins
    cox:efron+breslow                          +0.00151    0.00082   0.00253     0.60   not resolved
    cox:efron+kalbfleisch-prentice             -0.00194    0.00077   0.00238     0.82   not resolved
    cox:efron+nelson-aalen                     +0.03021    0.00122   0.00377     8.01   grouped wins
    cox:exact-discrete+breslow                 +0.01672    0.00368   0.01138     1.47   not resolved
    cox:exact-discrete+kalbfleisch-prentice    +0.01093    0.00332   0.01029     1.06   not resolved
    cox:exact-discrete+nelson-aalen            +0.06683    0.00657   0.02033     3.29   grouped wins
    ours:joint-logit                           -0.00082    0.00047   0.00145     0.57   not resolved
    ------------------------------------------------------------------------------------
    E1 coefficient effect, alpha profiled by MLE in the matching link
      tie method            vs cloglog MLE     NB SE   vs logit MLE     NB SE
      breslow                     -0.00051   0.00297       +0.00426   0.00229
      efron                       -0.00194   0.00238       +0.00064   0.00170
      exact-discrete              +0.01093   0.01029       -0.00000   0.00000
    ------------------------------------------------------------------------------------
    E3 decomposition of D_T (Efron coefficients)
      baseline representation  arm1 -> arm2 = +0.00345  (NB SE 0.00117)
      coefficient estimation   arm2 -> arm3 = -0.00194  (NB SE 0.00238)
      total                    arm1 -> arm3 = +0.00151  (NB SE 0.00253)
      share of D_T attributable to the baseline = 228.1%

----------------------------------------------------------------------------------------------------
flchain @ T=6   n=7874  rows/bin=1312  modal bin mass=0.6106
  exact-discrete cost on the full cohort = 3,433,064 (max_t d_t = 435); budget = 8,000,000 -> FEASIBLE
  20 full splits, 0 subsampled splits, 675s

  FULL COHORT  (20 splits)   D_T = NLL(arm) - NLL(grouped cloglog)
    arm                                             D_T   naive SE    N-B SE   |D|/NB   verdict
    arm2-logit:breslow                         +0.00146    0.00088   0.00273     0.53   not resolved
    arm2-logit:efron                           -0.00057    0.00078   0.00240     0.24   not resolved
    arm2-logit:exact-discrete                  -0.00041    0.00039   0.00122     0.34   not resolved
    arm2:breslow                               -0.00087    0.00081   0.00250     0.35   not resolved
    arm2:efron                                 -0.00141    0.00065   0.00203     0.69   not resolved
    arm2:exact-discrete                        +0.00723    0.00259   0.00800     0.90   not resolved
    cox:breslow+breslow                        +0.00067    0.00086   0.00265     0.25   not resolved
    cox:breslow+kalbfleisch-prentice           -0.00087    0.00081   0.00250     0.35   not resolved
    cox:breslow+nelson-aalen                   +0.02565    0.00118   0.00364     7.05   grouped wins
    cox:efron+breslow                          +0.00044    0.00074   0.00229     0.19   not resolved
    cox:efron+kalbfleisch-prentice             -0.00141    0.00065   0.00203     0.69   not resolved
    cox:efron+nelson-aalen                     +0.03225    0.00121   0.00373     8.64   grouped wins
    cox:exact-discrete+breslow                 +0.00965    0.00256   0.00793     1.22   not resolved
    cox:exact-discrete+kalbfleisch-prentice    +0.00723    0.00259   0.00800     0.90   not resolved
    cox:exact-discrete+nelson-aalen            +0.05765    0.00483   0.01495     3.86   grouped wins
    ours:joint-logit                           -0.00041    0.00039   0.00122     0.34   not resolved
    ------------------------------------------------------------------------------------
    E1 coefficient effect, alpha profiled by MLE in the matching link
      tie method            vs cloglog MLE     NB SE   vs logit MLE     NB SE
      breslow                     -0.00087   0.00250       +0.00187   0.00203
      efron                       -0.00141   0.00203       -0.00016   0.00157
      exact-discrete              +0.00723   0.00800       -0.00000   0.00001
    ------------------------------------------------------------------------------------
    E3 decomposition of D_T (Efron coefficients)
      baseline representation  arm1 -> arm2 = +0.00185  (NB SE 0.00090)
      coefficient estimation   arm2 -> arm3 = -0.00141  (NB SE 0.00203)
      total                    arm1 -> arm3 = +0.00044  (NB SE 0.00229)
      share of D_T attributable to the baseline = 417.3%

----------------------------------------------------------------------------------------------------
flchain @ T=10   n=7874  rows/bin=787  modal bin mass=0.5575
  exact-discrete cost on the full cohort = 1,732,280 (max_t d_t = 219); budget = 8,000,000 -> FEASIBLE
  20 full splits, 0 subsampled splits, 806s

  FULL COHORT  (20 splits)   D_T = NLL(arm) - NLL(grouped cloglog)
    arm                                             D_T   naive SE    N-B SE   |D|/NB   verdict
    arm2-logit:breslow                         +0.00027    0.00040   0.00125     0.21   not resolved
    arm2-logit:efron                           -0.00033    0.00030   0.00092     0.36   not resolved
    arm2-logit:exact-discrete                  +0.00022    0.00023   0.00070     0.31   not resolved
    arm2:breslow                               -0.00047    0.00028   0.00086     0.55   not resolved
    arm2:efron                                 -0.00025    0.00010   0.00030     0.84   not resolved
    arm2:exact-discrete                        +0.00303    0.00094   0.00290     1.04   not resolved
    cox:breslow+breslow                        +0.00010    0.00032   0.00098     0.10   not resolved
    cox:breslow+kalbfleisch-prentice           -0.00047    0.00028   0.00086     0.55   not resolved
    cox:breslow+nelson-aalen                   +0.02775    0.00094   0.00290     9.58   grouped wins
    cox:efron+breslow                          +0.00036    0.00020   0.00062     0.57   not resolved
    cox:efron+kalbfleisch-prentice             -0.00025    0.00010   0.00030     0.84   not resolved
    cox:efron+nelson-aalen                     +0.03237    0.00102   0.00316    10.26   grouped wins
    cox:exact-discrete+breslow                 +0.00361    0.00092   0.00283     1.27   not resolved
    cox:exact-discrete+kalbfleisch-prentice    +0.00303    0.00094   0.00290     1.04   not resolved
    cox:exact-discrete+nelson-aalen            +0.04256    0.00196   0.00606     7.02   grouped wins
    ours:joint-logit                           +0.00023    0.00023   0.00071     0.32   not resolved
    ------------------------------------------------------------------------------------
    E1 coefficient effect, alpha profiled by MLE in the matching link
      tie method            vs cloglog MLE     NB SE   vs logit MLE     NB SE
      breslow                     -0.00047   0.00086       +0.00004   0.00141
      efron                       -0.00025   0.00030       -0.00056   0.00106
      exact-discrete              +0.00303   0.00290       -0.00001   0.00001
    ------------------------------------------------------------------------------------
    E3 decomposition of D_T (Efron coefficients)
      baseline representation  arm1 -> arm2 = +0.00061  (NB SE 0.00052)
      coefficient estimation   arm2 -> arm3 = -0.00025  (NB SE 0.00030)
      total                    arm1 -> arm3 = +0.00036  (NB SE 0.00062)
      share of D_T attributable to the baseline = 171.1%

----------------------------------------------------------------------------------------------------
flchain @ T=20   n=7874  rows/bin=394  modal bin mass=0.4637
  exact-discrete cost on the full cohort = 874,014 (max_t d_t = 110); budget = 8,000,000 -> FEASIBLE
  20 full splits, 0 subsampled splits, 1171s

  FULL COHORT  (20 splits)   D_T = NLL(arm) - NLL(grouped cloglog)
    arm                                             D_T   naive SE    N-B SE   |D|/NB   verdict
    arm2-logit:breslow                         -0.00045    0.00029   0.00091     0.49   not resolved
    arm2-logit:efron                           -0.00043    0.00021   0.00066     0.65   not resolved
    arm2-logit:exact-discrete                  +0.00011    0.00014   0.00044     0.26   not resolved
    arm2:breslow                               -0.00045    0.00018   0.00054     0.83   not resolved
    arm2:efron                                 -0.00010    0.00004   0.00012     0.84   not resolved
    arm2:exact-discrete                        +0.00128    0.00041   0.00127     1.01   not resolved
    cox:breslow+breslow                        -0.00034    0.00019   0.00060     0.56   not resolved
    cox:breslow+kalbfleisch-prentice           -0.00045    0.00018   0.00054     0.83   not resolved
    cox:breslow+nelson-aalen                   +0.02975    0.00100   0.00309     9.63   grouped wins
    cox:efron+breslow                          +0.00002    0.00010   0.00030     0.05   not resolved
    cox:efron+kalbfleisch-prentice             -0.00010    0.00004   0.00012     0.84   not resolved
    cox:efron+nelson-aalen                     +0.03266    0.00106   0.00329     9.93   grouped wins
    cox:exact-discrete+breslow                 +0.00138    0.00041   0.00127     1.09   not resolved
    cox:exact-discrete+kalbfleisch-prentice    +0.00128    0.00041   0.00127     1.01   not resolved
    cox:exact-discrete+nelson-aalen            +0.03744    0.00139   0.00431     8.69   grouped wins
    ours:joint-logit                           +0.00012    0.00014   0.00045     0.28   not resolved
    ------------------------------------------------------------------------------------
    E1 coefficient effect, alpha profiled by MLE in the matching link
      tie method            vs cloglog MLE     NB SE   vs logit MLE     NB SE
      breslow                     -0.00045   0.00054       -0.00057   0.00098
      efron                       -0.00010   0.00012       -0.00056   0.00071
      exact-discrete              +0.00128   0.00127       -0.00001   0.00001
    ------------------------------------------------------------------------------------
    E3 decomposition of D_T (Efron coefficients)
      baseline representation  arm1 -> arm2 = +0.00012  (NB SE 0.00027)
      coefficient estimation   arm2 -> arm3 = -0.00010  (NB SE 0.00012)
      total                    arm1 -> arm3 = +0.00002  (NB SE 0.00030)
      share of D_T attributable to the baseline = 745.3%

----------------------------------------------------------------------------------------------------
support-pycox @ T=4   n=8873  rows/bin=2218  modal bin mass=0.4898
  exact-discrete cost on the full cohort = 14,010,467 (max_t d_t = 1578); budget = 8,000,000 -> INFEASIBLE, subsampling
  20 full splits, 0 subsampled splits, 1500s

  FULL COHORT  (20 splits)   D_T = NLL(arm) - NLL(grouped cloglog)
    arm                                             D_T   naive SE    N-B SE   |D|/NB   verdict
    arm2-logit:breslow                         +0.00320    0.00043   0.00133     2.41   grouped wins
    arm2-logit:efron                           +0.00128    0.00024   0.00076     1.69   not resolved
    arm2-logit:exact-discrete                  +0.00087    0.00011   0.00034     2.60   grouped wins
    arm2:breslow                               +0.00057    0.00027   0.00082     0.70   not resolved
    arm2:efron                                 -0.00006    0.00002   0.00007     0.87   not resolved
    arm2:exact-discrete                        +0.00203    0.00033   0.00102     1.99   grouped wins
    cox:breslow+breslow                        +0.00909    0.00054   0.00166     5.49   grouped wins
    cox:breslow+kalbfleisch-prentice           +0.00057    0.00027   0.00082     0.70   not resolved
    cox:breslow+nelson-aalen                   +0.01440    0.00068   0.00210     6.86   grouped wins
    cox:efron+breslow                          +0.00892    0.00056   0.00173     5.17   grouped wins
    cox:efron+kalbfleisch-prentice             -0.00006    0.00002   0.00007     0.87   not resolved
    cox:efron+nelson-aalen                     +0.01537    0.00076   0.00236     6.53   grouped wins
    cox:exact-discrete+breslow                 +0.01146    0.00071   0.00220     5.20   grouped wins
    cox:exact-discrete+kalbfleisch-prentice    +0.00203    0.00033   0.00102     1.99   grouped wins
    cox:exact-discrete+nelson-aalen            +0.01948    0.00097   0.00301     6.48   grouped wins
    ours:joint-logit                           +0.00087    0.00011   0.00034     2.60   grouped wins
    ------------------------------------------------------------------------------------
    E1 coefficient effect, alpha profiled by MLE in the matching link
      tie method            vs cloglog MLE     NB SE   vs logit MLE     NB SE
      breslow                     +0.00057   0.00082       +0.00232   0.00139
      efron                       -0.00006   0.00007       +0.00040   0.00082
      exact-discrete              +0.00203   0.00102       -0.00000   0.00000
    ------------------------------------------------------------------------------------
    E3 decomposition of D_T (Efron coefficients)
      baseline representation  arm1 -> arm2 = +0.00897  (NB SE 0.00174)
      coefficient estimation   arm2 -> arm3 = -0.00006  (NB SE 0.00007)
      total                    arm1 -> arm3 = +0.00892  (NB SE 0.00173)
      share of D_T attributable to the baseline = 100.7%

----------------------------------------------------------------------------------------------------
support-pycox @ T=6   n=8873  rows/bin=1479  modal bin mass=0.3903
  exact-discrete cost on the full cohort = 11,100,123 (max_t d_t = 1250); budget = 8,000,000 -> INFEASIBLE, subsampling
  20 full splits, 0 subsampled splits, 1395s

  FULL COHORT  (20 splits)   D_T = NLL(arm) - NLL(grouped cloglog)
    arm                                             D_T   naive SE    N-B SE   |D|/NB   verdict
    arm2-logit:breslow                         +0.00166    0.00033   0.00102     1.62   not resolved
    arm2-logit:efron                           +0.00072    0.00018   0.00056     1.27   not resolved
    arm2-logit:exact-discrete                  +0.00066    0.00008   0.00024     2.80   grouped wins
    arm2:breslow                               +0.00011    0.00020   0.00060     0.19   not resolved
    arm2:efron                                 -0.00003    0.00001   0.00003     0.96   not resolved
    arm2:exact-discrete                        +0.00113    0.00022   0.00070     1.63   not resolved
    cox:breslow+breslow                        +0.00415    0.00037   0.00115     3.60   grouped wins
    cox:breslow+kalbfleisch-prentice           +0.00011    0.00020   0.00060     0.19   not resolved
    cox:breslow+nelson-aalen                   +0.00951    0.00056   0.00174     5.45   grouped wins
    cox:efron+breslow                          +0.00416    0.00038   0.00116     3.58   grouped wins
    cox:efron+kalbfleisch-prentice             -0.00003    0.00001   0.00003     0.96   not resolved
    cox:efron+nelson-aalen                     +0.01041    0.00063   0.00196     5.31   grouped wins
    cox:exact-discrete+breslow                 +0.00547    0.00048   0.00148     3.70   grouped wins
    cox:exact-discrete+kalbfleisch-prentice    +0.00113    0.00022   0.00070     1.63   not resolved
    cox:exact-discrete+nelson-aalen            +0.01275    0.00078   0.00242     5.27   grouped wins
    ours:joint-logit                           +0.00066    0.00008   0.00024     2.80   grouped wins
    ------------------------------------------------------------------------------------
    E1 coefficient effect, alpha profiled by MLE in the matching link
      tie method            vs cloglog MLE     NB SE   vs logit MLE     NB SE
      breslow                     +0.00011   0.00060       +0.00100   0.00105
      efron                       -0.00003   0.00003       +0.00006   0.00059
      exact-discrete              +0.00113   0.00070       -0.00000   0.00000
    ------------------------------------------------------------------------------------
    E3 decomposition of D_T (Efron coefficients)
      baseline representation  arm1 -> arm2 = +0.00419  (NB SE 0.00117)
      coefficient estimation   arm2 -> arm3 = -0.00003  (NB SE 0.00003)
      total                    arm1 -> arm3 = +0.00416  (NB SE 0.00116)
      share of D_T attributable to the baseline = 100.8%

----------------------------------------------------------------------------------------------------
support-pycox @ T=10   n=8873  rows/bin=887  modal bin mass=0.3027
  exact-discrete cost on the full cohort = 6,299,830 (max_t d_t = 709); budget = 8,000,000 -> FEASIBLE
  20 full splits, 0 subsampled splits, 996s

  FULL COHORT  (20 splits)   D_T = NLL(arm) - NLL(grouped cloglog)
    arm                                             D_T   naive SE    N-B SE   |D|/NB   verdict
    arm2-logit:breslow                         +0.00066    0.00021   0.00066     0.99   not resolved
    arm2-logit:efron                           +0.00036    0.00012   0.00036     0.99   not resolved
    arm2-logit:exact-discrete                  +0.00043    0.00006   0.00018     2.38   grouped wins
    arm2:breslow                               -0.00007    0.00012   0.00038     0.19   not resolved
    arm2:efron                                 -0.00001    0.00000   0.00001     0.99   not resolved
    arm2:exact-discrete                        +0.00055    0.00014   0.00043     1.28   not resolved
    cox:breslow+breslow                        +0.00161    0.00025   0.00077     2.08   grouped wins
    cox:breslow+kalbfleisch-prentice           -0.00007    0.00012   0.00038     0.19   not resolved
    cox:breslow+nelson-aalen                   +0.00687    0.00049   0.00151     4.54   grouped wins
    cox:efron+breslow                          +0.00170    0.00025   0.00077     2.21   grouped wins
    cox:efron+kalbfleisch-prentice             -0.00001    0.00000   0.00001     0.99   not resolved
    cox:efron+nelson-aalen                     +0.00754    0.00053   0.00165     4.57   grouped wins
    cox:exact-discrete+breslow                 +0.00229    0.00030   0.00094     2.44   grouped wins
    cox:exact-discrete+kalbfleisch-prentice    +0.00055    0.00014   0.00043     1.28   not resolved
    cox:exact-discrete+nelson-aalen            +0.00872    0.00061   0.00190     4.59   grouped wins
    ours:joint-logit                           +0.00043    0.00006   0.00018     2.38   grouped wins
    ------------------------------------------------------------------------------------
    E1 coefficient effect, alpha profiled by MLE in the matching link
      tie method            vs cloglog MLE     NB SE   vs logit MLE     NB SE
      breslow                     -0.00007   0.00038       +0.00022   0.00069
      efron                       -0.00001   0.00001       -0.00008   0.00039
      exact-discrete              +0.00055   0.00043       -0.00000   0.00000
    ------------------------------------------------------------------------------------
    E3 decomposition of D_T (Efron coefficients)
      baseline representation  arm1 -> arm2 = +0.00172  (NB SE 0.00077)
      coefficient estimation   arm2 -> arm3 = -0.00001  (NB SE 0.00001)
      total                    arm1 -> arm3 = +0.00170  (NB SE 0.00077)
      share of D_T attributable to the baseline = 100.8%

----------------------------------------------------------------------------------------------------
support-pycox @ T=20   n=8873  rows/bin=444  modal bin mass=0.1856
  exact-discrete cost on the full cohort = 3,283,010 (max_t d_t = 369); budget = 8,000,000 -> FEASIBLE
  20 full splits, 0 subsampled splits, 947s

  FULL COHORT  (20 splits)   D_T = NLL(arm) - NLL(grouped cloglog)
    arm                                             D_T   naive SE    N-B SE   |D|/NB   verdict
    arm2-logit:breslow                         +0.00018    0.00013   0.00039     0.46   not resolved
    arm2-logit:efron                           +0.00016    0.00007   0.00021     0.78   not resolved
    arm2-logit:exact-discrete                  +0.00026    0.00003   0.00009     2.78   grouped wins
    arm2:breslow                               -0.00010    0.00007   0.00022     0.48   not resolved
    arm2:efron                                 -0.00000    0.00000   0.00001     0.94   not resolved
    arm2:exact-discrete                        +0.00023    0.00007   0.00023     0.99   not resolved
    cox:breslow+breslow                        +0.00032    0.00015   0.00045     0.71   not resolved
    cox:breslow+kalbfleisch-prentice           -0.00010    0.00007   0.00022     0.48   not resolved
    cox:breslow+nelson-aalen                   +0.00491    0.00044   0.00135     3.64   grouped wins
    cox:efron+breslow                          +0.00042    0.00015   0.00045     0.94   not resolved
    cox:efron+kalbfleisch-prentice             -0.00000    0.00000   0.00001     0.94   not resolved
    cox:efron+nelson-aalen                     +0.00530    0.00046   0.00143     3.70   grouped wins
    cox:exact-discrete+breslow                 +0.00066    0.00017   0.00054     1.22   not resolved
    cox:exact-discrete+kalbfleisch-prentice    +0.00023    0.00007   0.00023     0.99   not resolved
    cox:exact-discrete+nelson-aalen            +0.00581    0.00050   0.00156     3.73   grouped wins
    ours:joint-logit                           +0.00026    0.00003   0.00009     2.78   grouped wins
    ------------------------------------------------------------------------------------
    E1 coefficient effect, alpha profiled by MLE in the matching link
      tie method            vs cloglog MLE     NB SE   vs logit MLE     NB SE
      breslow                     -0.00010   0.00022       -0.00008   0.00041
      efron                       -0.00000   0.00001       -0.00010   0.00022
      exact-discrete              +0.00023   0.00023       -0.00000   0.00000
    ------------------------------------------------------------------------------------
    E3 decomposition of D_T (Efron coefficients)
      baseline representation  arm1 -> arm2 = +0.00043  (NB SE 0.00045)
      coefficient estimation   arm2 -> arm3 = -0.00000  (NB SE 0.00001)
      total                    arm1 -> arm3 = +0.00042  (NB SE 0.00045)
      share of D_T attributable to the baseline = 101.2%

----------------------------------------------------------------------------------------------------
drsa/clinic @ T=5   n=4828  rows/bin=966  modal bin mass=0.7730
  exact-discrete cost on the full cohort = 17,139,400 (max_t d_t = 3549); budget = 8,000,000 -> INFEASIBLE, subsampling
  20 full splits, 20 subsampled splits, 526s

  FULL COHORT  (20 splits)   D_T = NLL(arm) - NLL(grouped cloglog)
    arm                                             D_T   naive SE    N-B SE   |D|/NB   verdict
    arm2-logit:breslow                         +0.00197    0.00067   0.00207     0.95   not resolved
    arm2-logit:efron                           +0.00044    0.00051   0.00159     0.28   not resolved
    arm2:breslow                               +0.00019    0.00053   0.00163     0.11   not resolved
    arm2:efron                                 -0.00069    0.00019   0.00060     1.16   not resolved
    cox:breslow+breslow                        +0.10383    0.00257   0.00795    13.07   grouped wins
    cox:breslow+kalbfleisch-prentice           +0.00019    0.00053   0.00163     0.11   not resolved
    cox:breslow+nelson-aalen                   +0.10445    0.00256   0.00793    13.18   grouped wins
    cox:efron+breslow                          +0.10464    0.00246   0.00762    13.73   grouped wins
    cox:efron+kalbfleisch-prentice             -0.00069    0.00019   0.00060     1.16   not resolved
    cox:efron+nelson-aalen                     +0.10574    0.00245   0.00759    13.93   grouped wins
    ours:joint-logit                           +0.00067    0.00020   0.00061     1.10   not resolved
    ------------------------------------------------------------------------------------
    E1 coefficient effect, alpha profiled by MLE in the matching link
      tie method            vs cloglog MLE     NB SE   vs logit MLE     NB SE
      breslow                     +0.00019   0.00163       +0.00130   0.00187
      efron                       -0.00069   0.00060       -0.00024   0.00138
      exact-discrete            infeasible               infeasible          
    ------------------------------------------------------------------------------------
    E3 decomposition of D_T (Efron coefficients)
      baseline representation  arm1 -> arm2 = +0.10533  (NB SE 0.00736)
      coefficient estimation   arm2 -> arm3 = -0.00069  (NB SE 0.00060)
      total                    arm1 -> arm3 = +0.10464  (NB SE 0.00762)
      share of D_T attributable to the baseline = 100.7%

  SUBSAMPLE n_train=3306  (20 splits)   D_T = NLL(arm) - NLL(grouped cloglog)
    arm                                             D_T   naive SE    N-B SE   |D|/NB   verdict
    arm2-logit:breslow                         +0.00189    0.00066   0.00205     0.92   not resolved
    arm2-logit:efron                           +0.00038    0.00050   0.00156     0.24   not resolved
    arm2-logit:exact-discrete                  +0.00065    0.00019   0.00059     1.10   not resolved
    arm2:breslow                               +0.00012    0.00052   0.00161     0.07   not resolved
    arm2:efron                                 -0.00071    0.00019   0.00059     1.20   not resolved
    arm2:exact-discrete                        +0.00782    0.00093   0.00288     2.71   grouped wins
    cox:breslow+breslow                        +0.10417    0.00260   0.00803    12.97   grouped wins
    cox:breslow+kalbfleisch-prentice           +0.00012    0.00052   0.00161     0.07   not resolved
    cox:breslow+nelson-aalen                   +0.10479    0.00259   0.00801    13.08   grouped wins
    cox:efron+breslow                          +0.10503    0.00249   0.00769    13.65   grouped wins
    cox:efron+kalbfleisch-prentice             -0.00071    0.00019   0.00059     1.20   not resolved
    cox:efron+nelson-aalen                     +0.10613    0.00248   0.00766    13.86   grouped wins
    cox:exact-discrete+breslow                 +0.11774    0.00221   0.00685    17.19   grouped wins
    cox:exact-discrete+kalbfleisch-prentice    +0.00782    0.00093   0.00288     2.71   grouped wins
    cox:exact-discrete+nelson-aalen            +0.11985    0.00221   0.00685    17.51   grouped wins
    ours:joint-logit                           +0.00066    0.00019   0.00059     1.11   not resolved
    ------------------------------------------------------------------------------------
    E1 coefficient effect, alpha profiled by MLE in the matching link
      tie method            vs cloglog MLE     NB SE   vs logit MLE     NB SE
      breslow                     +0.00012   0.00161       +0.00123   0.00187
      efron                       -0.00071   0.00059       -0.00028   0.00137
      exact-discrete              +0.00782   0.00288       -0.00000   0.00000
    ------------------------------------------------------------------------------------
    E3 decomposition of D_T (Efron coefficients)
      baseline representation  arm1 -> arm2 = +0.10574  (NB SE 0.00741)
      coefficient estimation   arm2 -> arm3 = -0.00071  (NB SE 0.00059)
      total                    arm1 -> arm3 = +0.10503  (NB SE 0.00769)
      share of D_T attributable to the baseline = 100.7%

----------------------------------------------------------------------------------------------------
drsa/clinic @ T=10   n=4828  rows/bin=483  modal bin mass=0.6313
  exact-discrete cost on the full cohort = 14,522,624 (max_t d_t = 3007); budget = 8,000,000 -> INFEASIBLE, subsampling
  20 full splits, 0 subsampled splits, 423s

  FULL COHORT  (20 splits)   D_T = NLL(arm) - NLL(grouped cloglog)
    arm                                             D_T   naive SE    N-B SE   |D|/NB   verdict
    arm2-logit:breslow                         +0.00157    0.00051   0.00159     0.99   not resolved
    arm2-logit:efron                           +0.00060    0.00035   0.00107     0.56   not resolved
    arm2-logit:exact-discrete                  +0.00119    0.00017   0.00053     2.24   grouped wins
    arm2:breslow                               +0.00003    0.00039   0.00120     0.02   not resolved
    arm2:efron                                 -0.00044    0.00011   0.00034     1.31   not resolved
    arm2:exact-discrete                        +0.00379    0.00049   0.00152     2.49   grouped wins
    cox:breslow+breslow                        +0.05729    0.00225   0.00695     8.24   grouped wins
    cox:breslow+kalbfleisch-prentice           +0.00036    0.00052   0.00162     0.22   not resolved
    cox:breslow+nelson-aalen                   +0.05816    0.00223   0.00690     8.43   grouped wins
    cox:efron+breslow                          +0.05785    0.00208   0.00643     8.99   grouped wins
    cox:efron+kalbfleisch-prentice             -0.00011    0.00034   0.00104     0.11   not resolved
    cox:efron+nelson-aalen                     +0.05922    0.00206   0.00636     9.31   grouped wins
    cox:exact-discrete+breslow                 +0.06323    0.00183   0.00566    11.17   grouped wins
    cox:exact-discrete+kalbfleisch-prentice    +0.00411    0.00056   0.00172     2.38   grouped wins
    cox:exact-discrete+nelson-aalen            +0.06524    0.00181   0.00560    11.64   grouped wins
    ours:joint-logit                           +0.00122    0.00017   0.00053     2.29   grouped wins
    ------------------------------------------------------------------------------------
    E1 coefficient effect, alpha profiled by MLE in the matching link
      tie method            vs cloglog MLE     NB SE   vs logit MLE     NB SE
      breslow                     +0.00003   0.00120       +0.00036   0.00149
      efron                       -0.00044   0.00034       -0.00062   0.00099
      exact-discrete              +0.00379   0.00152       -0.00003   0.00007
    ------------------------------------------------------------------------------------
    E3 decomposition of D_T (Efron coefficients)
      baseline representation  arm1 -> arm2 = +0.05829  (NB SE 0.00624)
      coefficient estimation   arm2 -> arm3 = -0.00044  (NB SE 0.00034)
      total                    arm1 -> arm3 = +0.05785  (NB SE 0.00643)
      share of D_T attributable to the baseline = 100.8%

----------------------------------------------------------------------------------------------------
drsa/clinic @ T=25   n=4828  rows/bin=193  modal bin mass=0.4745
  exact-discrete cost on the full cohort = 11,065,776 (max_t d_t = 2291); budget = 8,000,000 -> INFEASIBLE, subsampling
  20 full splits, 0 subsampled splits, 452s

  FULL COHORT  (20 splits)   D_T = NLL(arm) - NLL(grouped cloglog)
    arm                                             D_T   naive SE    N-B SE   |D|/NB   verdict
    arm2-logit:breslow                         +0.00137    0.00045   0.00140     0.98   not resolved
    arm2-logit:efron                           +0.00117    0.00026   0.00080     1.46   not resolved
    arm2-logit:exact-discrete                  +0.00187    0.00015   0.00046     4.08   grouped wins
    arm2:breslow                               -0.00002    0.00034   0.00106     0.02   not resolved
    arm2:efron                                 -0.00022    0.00007   0.00023     0.97   not resolved
    arm2:exact-discrete                        +0.00176    0.00029   0.00090     1.95   not resolved
    cox:breslow+breslow                        +0.02236    0.00152   0.00469     4.76   grouped wins
    cox:breslow+kalbfleisch-prentice           -0.00002    0.00034   0.00106     0.02   not resolved
    cox:breslow+nelson-aalen                   +0.02336    0.00149   0.00462     5.05   grouped wins
    cox:efron+breslow                          +0.02269    0.00136   0.00422     5.38   grouped wins
    cox:efron+kalbfleisch-prentice             -0.00022    0.00007   0.00023     0.97   not resolved
    cox:efron+nelson-aalen                     +0.02411    0.00134   0.00413     5.83   grouped wins
    cox:exact-discrete+breslow                 +0.02476    0.00133   0.00412     6.01   grouped wins
    cox:exact-discrete+kalbfleisch-prentice    +0.00176    0.00029   0.00090     1.95   not resolved
    cox:exact-discrete+nelson-aalen            +0.02638    0.00130   0.00401     6.58   grouped wins
    ours:joint-logit                           +0.00187    0.00015   0.00046     4.10   grouped wins
    ------------------------------------------------------------------------------------
    E1 coefficient effect, alpha profiled by MLE in the matching link
      tie method            vs cloglog MLE     NB SE   vs logit MLE     NB SE
      breslow                     -0.00002   0.00106       -0.00050   0.00127
      efron                       -0.00022   0.00023       -0.00070   0.00073
      exact-discrete              +0.00176   0.00090       -0.00001   0.00000
    ------------------------------------------------------------------------------------
    E3 decomposition of D_T (Efron coefficients)
      baseline representation  arm1 -> arm2 = +0.02291  (NB SE 0.00418)
      coefficient estimation   arm2 -> arm3 = -0.00022  (NB SE 0.00023)
      total                    arm1 -> arm3 = +0.02269  (NB SE 0.00422)
      share of D_T attributable to the baseline = 101.0%

----------------------------------------------------------------------------------------------------
drsa/clinic @ T=50   n=4828  rows/bin=97  modal bin mass=0.3546
  exact-discrete cost on the full cohort = 8,270,364 (max_t d_t = 1712); budget = 8,000,000 -> INFEASIBLE, subsampling
  20 full splits, 0 subsampled splits, 633s

  FULL COHORT  (20 splits)   D_T = NLL(arm) - NLL(grouped cloglog)
    arm                                             D_T   naive SE    N-B SE   |D|/NB   verdict
    arm2-logit:breslow                         +0.00101    0.00035   0.00108     0.93   not resolved
    arm2-logit:efron                           +0.00110    0.00017   0.00054     2.04   grouped wins
    arm2-logit:exact-discrete                  +0.00163    0.00011   0.00035     4.60   grouped wins
    arm2:breslow                               -0.00018    0.00026   0.00082     0.23   not resolved
    arm2:efron                                 -0.00010    0.00004   0.00012     0.87   not resolved
    arm2:exact-discrete                        +0.00091    0.00017   0.00053     1.70   not resolved
    cox:breslow+breslow                        +0.00818    0.00091   0.00282     2.90   grouped wins
    cox:breslow+kalbfleisch-prentice           -0.00018    0.00026   0.00082     0.23   not resolved
    cox:breslow+nelson-aalen                   +0.00928    0.00093   0.00288     3.22   grouped wins
    cox:efron+breslow                          +0.00842    0.00081   0.00252     3.35   grouped wins
    cox:efron+kalbfleisch-prentice             -0.00010    0.00004   0.00012     0.87   not resolved
    cox:efron+nelson-aalen                     +0.00984    0.00084   0.00259     3.81   grouped wins
    cox:exact-discrete+breslow                 +0.00944    0.00083   0.00257     3.67   grouped wins
    cox:exact-discrete+kalbfleisch-prentice    +0.00091    0.00017   0.00053     1.70   not resolved
    cox:exact-discrete+nelson-aalen            +0.01091    0.00084   0.00261     4.19   grouped wins
    ours:joint-logit                           +0.00164    0.00011   0.00035     4.62   grouped wins
    ------------------------------------------------------------------------------------
    E1 coefficient effect, alpha profiled by MLE in the matching link
      tie method            vs cloglog MLE     NB SE   vs logit MLE     NB SE
      breslow                     -0.00018   0.00082       -0.00062   0.00097
      efron                       -0.00010   0.00012       -0.00053   0.00049
      exact-discrete              +0.00091   0.00053       -0.00001   0.00000
    ------------------------------------------------------------------------------------
    E3 decomposition of D_T (Efron coefficients)
      baseline representation  arm1 -> arm2 = +0.00853  (NB SE 0.00251)
      coefficient estimation   arm2 -> arm3 = -0.00010  (NB SE 0.00012)
      total                    arm1 -> arm3 = +0.00842  (NB SE 0.00252)
      share of D_T attributable to the baseline = 101.2%

----------------------------------------------------------------------------------------------------
support2/slos @ T=6   n=9105  rows/bin=1518  modal bin mass=0.4814
  exact-discrete cost on the full cohort = 28,890,165 (max_t d_t = 3172); budget = 8,000,000 -> INFEASIBLE, subsampling
  20 full splits, 20 subsampled splits, 656s

  FULL COHORT  (20 splits)   D_T = NLL(arm) - NLL(grouped cloglog)
    arm                                             D_T   naive SE    N-B SE   |D|/NB   verdict
    arm2-logit:breslow                         +0.02978    0.00086   0.00268    11.13   grouped wins
    arm2-logit:efron                           +0.00955    0.00068   0.00210     4.54   grouped wins
    arm2:breslow                               +0.00957    0.00057   0.00177     5.41   grouped wins
    arm2:efron                                 -0.00027    0.00015   0.00045     0.60   not resolved
    cox:breslow+breslow                        +0.04223    0.00126   0.00390    10.81   grouped wins
    cox:breslow+kalbfleisch-prentice           +0.00957    0.00057   0.00177     5.41   grouped wins
    cox:breslow+nelson-aalen                   +0.08298    0.00169   0.00523    15.87   grouped wins
    cox:efron+breslow                          +0.03928    0.00144   0.00446     8.80   grouped wins
    cox:efron+kalbfleisch-prentice             -0.00027    0.00015   0.00045     0.60   not resolved
    cox:efron+nelson-aalen                     +0.10028    0.00219   0.00678    14.80   grouped wins
    ours:joint-logit                           -0.00323    0.00039   0.00119     2.71   arm wins
    ------------------------------------------------------------------------------------
    E1 coefficient effect, alpha profiled by MLE in the matching link
      tie method            vs cloglog MLE     NB SE   vs logit MLE     NB SE
      breslow                     +0.00957   0.00177       +0.03302   0.00233
      efron                       -0.00027   0.00045       +0.01278   0.00170
      exact-discrete            infeasible               infeasible          
    ------------------------------------------------------------------------------------
    E3 decomposition of D_T (Efron coefficients)
      baseline representation  arm1 -> arm2 = +0.03955  (NB SE 0.00451)
      coefficient estimation   arm2 -> arm3 = -0.00027  (NB SE 0.00045)
      total                    arm1 -> arm3 = +0.03928  (NB SE 0.00446)
      share of D_T attributable to the baseline = 100.7%

  SUBSAMPLE n_train=4756  (20 splits)   D_T = NLL(arm) - NLL(grouped cloglog)
    arm                                             D_T   naive SE    N-B SE   |D|/NB   verdict
    arm2-logit:breslow                         +0.02932    0.00098   0.00305     9.62   grouped wins
    arm2-logit:efron                           +0.00914    0.00078   0.00242     3.79   grouped wins
    arm2-logit:exact-discrete                  -0.00324    0.00039   0.00121     2.68   arm wins
    arm2:breslow                               +0.00922    0.00067   0.00206     4.48   grouped wins
    arm2:efron                                 -0.00038    0.00017   0.00053     0.72   not resolved
    arm2:exact-discrete                        +0.03017    0.00159   0.00492     6.13   grouped wins
    cox:breslow+breslow                        +0.04179    0.00146   0.00453     9.23   grouped wins
    cox:breslow+kalbfleisch-prentice           +0.00922    0.00067   0.00206     4.48   grouped wins
    cox:breslow+nelson-aalen                   +0.08270    0.00181   0.00561    14.74   grouped wins
    cox:efron+breslow                          +0.03902    0.00159   0.00491     7.94   grouped wins
    cox:efron+kalbfleisch-prentice             -0.00038    0.00017   0.00053     0.72   not resolved
    cox:efron+nelson-aalen                     +0.10028    0.00226   0.00699    14.35   grouped wins
    cox:exact-discrete+breslow                 +0.08646    0.00207   0.00641    13.49   grouped wins
    cox:exact-discrete+kalbfleisch-prentice    +0.03017    0.00159   0.00492     6.13   grouped wins
    cox:exact-discrete+nelson-aalen            +0.19692    0.00336   0.01040    18.93   grouped wins
    ours:joint-logit                           -0.00324    0.00039   0.00121     2.68   arm wins
    ------------------------------------------------------------------------------------
    E1 coefficient effect, alpha profiled by MLE in the matching link
      tie method            vs cloglog MLE     NB SE   vs logit MLE     NB SE
      breslow                     +0.00922   0.00206       +0.03256   0.00264
      efron                       -0.00038   0.00053       +0.01238   0.00199
      exact-discrete              +0.03017   0.00492       -0.00001   0.00000
    ------------------------------------------------------------------------------------
    E3 decomposition of D_T (Efron coefficients)
      baseline representation  arm1 -> arm2 = +0.03941  (NB SE 0.00482)
      coefficient estimation   arm2 -> arm3 = -0.00038  (NB SE 0.00053)
      total                    arm1 -> arm3 = +0.03902  (NB SE 0.00491)
      share of D_T attributable to the baseline = 101.0%

----------------------------------------------------------------------------------------------------
support2/slos @ T=10   n=9105  rows/bin=910  modal bin mass=0.3063
  exact-discrete cost on the full cohort = 19,448,280 (max_t d_t = 2135); budget = 8,000,000 -> INFEASIBLE, subsampling
  20 full splits, 20 subsampled splits, 908s

  FULL COHORT  (20 splits)   D_T = NLL(arm) - NLL(grouped cloglog)
    arm                                             D_T   naive SE    N-B SE   |D|/NB   verdict
    arm2-logit:breslow                         +0.01427    0.00078   0.00240     5.93   grouped wins
    arm2-logit:efron                           +0.00298    0.00059   0.00182     1.63   not resolved
    arm2:breslow                               +0.00409    0.00047   0.00144     2.83   grouped wins
    arm2:efron                                 -0.00018    0.00008   0.00024     0.73   not resolved
    cox:breslow+breslow                        +0.02028    0.00089   0.00274     7.40   grouped wins
    cox:breslow+kalbfleisch-prentice           +0.00409    0.00047   0.00144     2.83   grouped wins
    cox:breslow+nelson-aalen                   +0.07169    0.00163   0.00505    14.20   grouped wins
    cox:efron+breslow                          +0.01839    0.00099   0.00305     6.03   grouped wins
    cox:efron+kalbfleisch-prentice             -0.00018    0.00008   0.00024     0.73   not resolved
    cox:efron+nelson-aalen                     +0.08676    0.00207   0.00641    13.54   grouped wins
    ours:joint-logit                           -0.00391    0.00029   0.00089     4.41   arm wins
    ------------------------------------------------------------------------------------
    E1 coefficient effect, alpha profiled by MLE in the matching link
      tie method            vs cloglog MLE     NB SE   vs logit MLE     NB SE
      breslow                     +0.00409   0.00144       +0.01817   0.00220
      efron                       -0.00018   0.00024       +0.00688   0.00156
      exact-discrete            infeasible               infeasible          
    ------------------------------------------------------------------------------------
    E3 decomposition of D_T (Efron coefficients)
      baseline representation  arm1 -> arm2 = +0.01856  (NB SE 0.00311)
      coefficient estimation   arm2 -> arm3 = -0.00018  (NB SE 0.00024)
      total                    arm1 -> arm3 = +0.01839  (NB SE 0.00305)
      share of D_T attributable to the baseline = 101.0%

  SUBSAMPLE n_train=5780  (20 splits)   D_T = NLL(arm) - NLL(grouped cloglog)
    arm                                             D_T   naive SE    N-B SE   |D|/NB   verdict
    arm2-logit:breslow                         +0.01411    0.00084   0.00259     5.46   grouped wins
    arm2-logit:efron                           +0.00285    0.00062   0.00193     1.47   not resolved
    arm2-logit:exact-discrete                  -0.00395    0.00028   0.00085     4.63   arm wins
    arm2:breslow                               +0.00398    0.00051   0.00158     2.52   grouped wins
    arm2:efron                                 -0.00020    0.00009   0.00026     0.77   not resolved
    arm2:exact-discrete                        +0.01486    0.00112   0.00347     4.28   grouped wins
    cox:breslow+breslow                        +0.02015    0.00092   0.00286     7.06   grouped wins
    cox:breslow+kalbfleisch-prentice           +0.00398    0.00051   0.00158     2.52   grouped wins
    cox:breslow+nelson-aalen                   +0.07151    0.00163   0.00505    14.16   grouped wins
    cox:efron+breslow                          +0.01834    0.00100   0.00311     5.90   grouped wins
    cox:efron+kalbfleisch-prentice             -0.00020    0.00009   0.00026     0.77   not resolved
    cox:efron+nelson-aalen                     +0.08668    0.00208   0.00643    13.47   grouped wins
    cox:exact-discrete+breslow                 +0.03858    0.00163   0.00504     7.66   grouped wins
    cox:exact-discrete+kalbfleisch-prentice    +0.01486    0.00112   0.00347     4.28   grouped wins
    cox:exact-discrete+nelson-aalen            +0.14453    0.00323   0.00999    14.46   grouped wins
    ours:joint-logit                           -0.00394    0.00028   0.00085     4.62   arm wins
    ------------------------------------------------------------------------------------
    E1 coefficient effect, alpha profiled by MLE in the matching link
      tie method            vs cloglog MLE     NB SE   vs logit MLE     NB SE
      breslow                     +0.00398   0.00158       +0.01806   0.00244
      efron                       -0.00020   0.00026       +0.00679   0.00175
      exact-discrete              +0.01486   0.00347       -0.00000   0.00000
    ------------------------------------------------------------------------------------
    E3 decomposition of D_T (Efron coefficients)
      baseline representation  arm1 -> arm2 = +0.01854  (NB SE 0.00316)
      coefficient estimation   arm2 -> arm3 = -0.00020  (NB SE 0.00026)
      total                    arm1 -> arm3 = +0.01834  (NB SE 0.00311)
      share of D_T attributable to the baseline = 101.1%

----------------------------------------------------------------------------------------------------
support2/slos @ T=15   n=9105  rows/bin=607  modal bin mass=0.2699
  exact-discrete cost on the full cohort = 16,580,205 (max_t d_t = 1820); budget = 8,000,000 -> INFEASIBLE, subsampling
  20 full splits, 19 subsampled splits, 1381s

  FULL COHORT  (20 splits)   D_T = NLL(arm) - NLL(grouped cloglog)
    arm                                             D_T   naive SE    N-B SE   |D|/NB   verdict
    arm2-logit:breslow                         +0.00796    0.00066   0.00204     3.91   grouped wins
    arm2-logit:efron                           +0.00134    0.00047   0.00147     0.91   not resolved
    arm2:breslow                               +0.00182    0.00037   0.00114     1.60   not resolved
    arm2:efron                                 -0.00013    0.00004   0.00013     0.98   not resolved
    cox:breslow+breslow                        +0.01113    0.00069   0.00214     5.20   grouped wins
    cox:breslow+kalbfleisch-prentice           +0.00182    0.00037   0.00114     1.60   not resolved
    cox:breslow+nelson-aalen                   +0.06365    0.00169   0.00524    12.15   grouped wins
    cox:efron+breslow                          +0.01019    0.00075   0.00233     4.38   grouped wins
    cox:efron+kalbfleisch-prentice             -0.00013    0.00004   0.00013     0.98   not resolved
    cox:efron+nelson-aalen                     +0.07585    0.00207   0.00641    11.83   grouped wins
    ours:joint-logit                           -0.00194    0.00019   0.00059     3.26   arm wins
    ------------------------------------------------------------------------------------
    E1 coefficient effect, alpha profiled by MLE in the matching link
      tie method            vs cloglog MLE     NB SE   vs logit MLE     NB SE
      breslow                     +0.00182   0.00114       +0.00990   0.00185
      efron                       -0.00013   0.00013       +0.00328   0.00126
      exact-discrete              +0.00608       nan       +0.00000       nan
    ------------------------------------------------------------------------------------
    E3 decomposition of D_T (Efron coefficients)
      baseline representation  arm1 -> arm2 = +0.01032  (NB SE 0.00236)
      coefficient estimation   arm2 -> arm3 = -0.00013  (NB SE 0.00013)
      total                    arm1 -> arm3 = +0.01019  (NB SE 0.00233)
      share of D_T attributable to the baseline = 101.3%

  SUBSAMPLE n_train=6324  (19 splits)   D_T = NLL(arm) - NLL(grouped cloglog)
    arm                                             D_T   naive SE    N-B SE   |D|/NB   verdict
    arm2-logit:breslow                         +0.00779    0.00067   0.00204     3.82   grouped wins
    arm2-logit:efron                           +0.00124    0.00049   0.00149     0.83   not resolved
    arm2-logit:exact-discrete                  -0.00197    0.00020   0.00060     3.27   arm wins
    arm2:breslow                               +0.00172    0.00037   0.00113     1.52   not resolved
    arm2:efron                                 -0.00014    0.00004   0.00014     1.04   not resolved
    arm2:exact-discrete                        +0.00803    0.00072   0.00218     3.69   grouped wins
    cox:breslow+breslow                        +0.01084    0.00066   0.00200     5.43   grouped wins
    cox:breslow+kalbfleisch-prentice           +0.00172    0.00037   0.00113     1.52   not resolved
    cox:breslow+nelson-aalen                   +0.06344    0.00176   0.00533    11.91   grouped wins
    cox:efron+breslow                          +0.00999    0.00076   0.00230     4.35   grouped wins
    cox:efron+kalbfleisch-prentice             -0.00014    0.00004   0.00014     1.04   not resolved
    cox:efron+nelson-aalen                     +0.07576    0.00217   0.00656    11.54   grouped wins
    cox:exact-discrete+breslow                 +0.02006    0.00120   0.00362     5.54   grouped wins
    cox:exact-discrete+kalbfleisch-prentice    +0.00803    0.00072   0.00218     3.69   grouped wins
    cox:exact-discrete+nelson-aalen            +0.11078    0.00291   0.00881    12.58   grouped wins
    ours:joint-logit                           -0.00197    0.00020   0.00060     3.27   arm wins
    ------------------------------------------------------------------------------------
    E1 coefficient effect, alpha profiled by MLE in the matching link
      tie method            vs cloglog MLE     NB SE   vs logit MLE     NB SE
      breslow                     +0.00172   0.00113       +0.00976   0.00186
      efron                       -0.00014   0.00014       +0.00320   0.00129
      exact-discrete              +0.00803   0.00218       -0.00000   0.00000
    ------------------------------------------------------------------------------------
    E3 decomposition of D_T (Efron coefficients)
      baseline representation  arm1 -> arm2 = +0.01013  (NB SE 0.00234)
      coefficient estimation   arm2 -> arm3 = -0.00014  (NB SE 0.00014)
      total                    arm1 -> arm3 = +0.00999  (NB SE 0.00230)
      share of D_T attributable to the baseline = 101.4%

----------------------------------------------------------------------------------------------------
support2/slos @ T=20   n=9105  rows/bin=455  modal bin mass=0.2170
  exact-discrete cost on the full cohort = 12,819,840 (max_t d_t = 1407); budget = 8,000,000 -> INFEASIBLE, subsampling
  20 full splits, 0 subsampled splits, 4059s

  FULL COHORT  (20 splits)   D_T = NLL(arm) - NLL(grouped cloglog)
    arm                                             D_T   naive SE    N-B SE   |D|/NB   verdict
    arm2-logit:breslow                         +0.00527    0.00056   0.00175     3.02   grouped wins
    arm2-logit:efron                           +0.00086    0.00040   0.00124     0.70   not resolved
    arm2-logit:exact-discrete                  -0.00113    0.00017   0.00053     2.13   arm wins
    arm2:breslow                               +0.00104    0.00029   0.00090     1.15   not resolved
    arm2:efron                                 -0.00008    0.00003   0.00008     0.94   not resolved
    arm2:exact-discrete                        +0.00498    0.00054   0.00166     3.00   grouped wins
    cox:breslow+breslow                        +0.00683    0.00057   0.00177     3.86   grouped wins
    cox:breslow+kalbfleisch-prentice           +0.00104    0.00029   0.00090     1.15   not resolved
    cox:breslow+nelson-aalen                   +0.06036    0.00165   0.00510    11.84   grouped wins
    cox:efron+breslow                          +0.00624    0.00057   0.00177     3.53   grouped wins
    cox:efron+kalbfleisch-prentice             -0.00008    0.00003   0.00008     0.94   not resolved
    cox:efron+nelson-aalen                     +0.07052    0.00195   0.00603    11.69   grouped wins
    cox:exact-discrete+breslow                 +0.01219    0.00082   0.00255     4.79   grouped wins
    cox:exact-discrete+kalbfleisch-prentice    +0.00498    0.00054   0.00166     3.00   grouped wins
    cox:exact-discrete+nelson-aalen            +0.09528    0.00248   0.00768    12.41   grouped wins
    ours:joint-logit                           -0.00112    0.00017   0.00053     2.13   arm wins
    ------------------------------------------------------------------------------------
    E1 coefficient effect, alpha profiled by MLE in the matching link
      tie method            vs cloglog MLE     NB SE   vs logit MLE     NB SE
      breslow                     +0.00104   0.00090       +0.00639   0.00161
      efron                       -0.00008   0.00008       +0.00199   0.00109
      exact-discrete              +0.00498   0.00166       -0.00000   0.00000
    ------------------------------------------------------------------------------------
    E3 decomposition of D_T (Efron coefficients)
      baseline representation  arm1 -> arm2 = +0.00631  (NB SE 0.00177)
      coefficient estimation   arm2 -> arm3 = -0.00008  (NB SE 0.00008)
      total                    arm1 -> arm3 = +0.00624  (NB SE 0.00177)
      share of D_T attributable to the baseline = 101.3%

----------------------------------------------------------------------------------------------------
support2/slos @ T=30   n=9105  rows/bin=304  modal bin mass=0.1450
  exact-discrete cost on the full cohort = 8,986,635 (max_t d_t = 986); budget = 8,000,000 -> INFEASIBLE, subsampling
  20 full splits, 0 subsampled splits, 1822s

  FULL COHORT  (20 splits)   D_T = NLL(arm) - NLL(grouped cloglog)
    arm                                             D_T   naive SE    N-B SE   |D|/NB   verdict
    arm2-logit:breslow                         +0.00202    0.00043   0.00133     1.52   not resolved
    arm2-logit:efron                           -0.00003    0.00029   0.00090     0.03   not resolved
    arm2-logit:exact-discrete                  -0.00073    0.00011   0.00034     2.14   arm wins
    arm2:breslow                               +0.00022    0.00021   0.00064     0.34   not resolved
    arm2:efron                                 -0.00004    0.00001   0.00004     1.07   not resolved
    arm2:exact-discrete                        +0.00254    0.00035   0.00110     2.32   grouped wins
    cox:breslow+breslow                        +0.00269    0.00043   0.00133     2.02   grouped wins
    cox:breslow+kalbfleisch-prentice           +0.00022    0.00021   0.00064     0.34   not resolved
    cox:breslow+nelson-aalen                   +0.05667    0.00171   0.00528    10.73   grouped wins
    cox:efron+breslow                          +0.00257    0.00042   0.00130     1.98   grouped wins
    cox:efron+kalbfleisch-prentice             -0.00004    0.00001   0.00004     1.07   not resolved
    cox:efron+nelson-aalen                     +0.06406    0.00193   0.00596    10.74   grouped wins
    cox:exact-discrete+breslow                 +0.00539    0.00057   0.00176     3.07   grouped wins
    cox:exact-discrete+kalbfleisch-prentice    +0.00254    0.00035   0.00110     2.32   grouped wins
    cox:exact-discrete+nelson-aalen            +0.07882    0.00227   0.00701    11.25   grouped wins
    ours:joint-logit                           -0.00073    0.00011   0.00034     2.14   arm wins
    ------------------------------------------------------------------------------------
    E1 coefficient effect, alpha profiled by MLE in the matching link
      tie method            vs cloglog MLE     NB SE   vs logit MLE     NB SE
      breslow                     +0.00022   0.00064       +0.00275   0.00124
      efron                       -0.00004   0.00004       +0.00070   0.00081
      exact-discrete              +0.00254   0.00110       -0.00000   0.00001
    ------------------------------------------------------------------------------------
    E3 decomposition of D_T (Efron coefficients)
      baseline representation  arm1 -> arm2 = +0.00262  (NB SE 0.00130)
      coefficient estimation   arm2 -> arm3 = -0.00004  (NB SE 0.00004)
      total                    arm1 -> arm3 = +0.00257  (NB SE 0.00130)
      share of D_T attributable to the baseline = 101.6%

----------------------------------------------------------------------------------------------------
support2/slos @ T=60   n=9105  rows/bin=152  modal bin mass=0.0756
  exact-discrete cost on the full cohort = 4,570,710 (max_t d_t = 501); budget = 8,000,000 -> FEASIBLE
  20 full splits, 0 subsampled splits, 1964s

  FULL COHORT  (20 splits)   D_T = NLL(arm) - NLL(grouped cloglog)
    arm                                             D_T   naive SE    N-B SE   |D|/NB   verdict
    arm2-logit:breslow                         +0.00011    0.00025   0.00078     0.14   not resolved
    arm2-logit:efron                           -0.00033    0.00016   0.00051     0.65   not resolved
    arm2-logit:exact-discrete                  -0.00036    0.00006   0.00019     1.87   not resolved
    arm2:breslow                               -0.00012    0.00011   0.00034     0.35   not resolved
    arm2:efron                                 -0.00001    0.00000   0.00001     1.12   not resolved
    arm2:exact-discrete                        +0.00083    0.00017   0.00054     1.54   not resolved
    cox:breslow+breslow                        +0.00029    0.00024   0.00074     0.39   not resolved
    cox:breslow+kalbfleisch-prentice           -0.00012    0.00011   0.00034     0.35   not resolved
    cox:breslow+nelson-aalen                   +0.05375    0.00174   0.00538    10.00   grouped wins
    cox:efron+breslow                          +0.00041    0.00022   0.00069     0.59   not resolved
    cox:efron+kalbfleisch-prentice             -0.00001    0.00000   0.00001     1.11   not resolved
    cox:efron+nelson-aalen                     +0.05771    0.00186   0.00575    10.03   grouped wins
    cox:exact-discrete+breslow                 +0.00127    0.00028   0.00088     1.45   not resolved
    cox:exact-discrete+kalbfleisch-prentice    +0.00083    0.00017   0.00054     1.54   not resolved
    cox:exact-discrete+nelson-aalen            +0.06422    0.00203   0.00628    10.23   grouped wins
    ours:joint-logit                           -0.00035    0.00006   0.00019     1.86   not resolved
    ------------------------------------------------------------------------------------
    E1 coefficient effect, alpha profiled by MLE in the matching link
      tie method            vs cloglog MLE     NB SE   vs logit MLE     NB SE
      breslow                     -0.00012   0.00034       +0.00046   0.00073
      efron                       -0.00001   0.00001       +0.00002   0.00046
      exact-discrete              +0.00083   0.00054       -0.00000   0.00001
    ------------------------------------------------------------------------------------
    E3 decomposition of D_T (Efron coefficients)
      baseline representation  arm1 -> arm2 = +0.00042  (NB SE 0.00069)
      coefficient estimation   arm2 -> arm3 = -0.00001  (NB SE 0.00001)
      total                    arm1 -> arm3 = +0.00041  (NB SE 0.00069)
      share of D_T attributable to the baseline = 103.1%

----------------------------------------------------------------------------------------------------
sparcs/drg302 @ T=6   n=34233  rows/bin=5706  modal bin mass=0.9023
  exact-discrete cost on the full cohort = 1,057,457,370 (max_t d_t = 30889); budget = 8,000,000 -> INFEASIBLE, subsampling
  20 full splits, 20 subsampled splits, 1219s

  FULL COHORT  (20 splits)   D_T = NLL(arm) - NLL(grouped cloglog)
    arm                                             D_T   naive SE    N-B SE   |D|/NB   verdict
    arm2-logit:breslow                         +0.02987    0.00070   0.00216    13.85   grouped wins
    arm2-logit:efron                           +0.01699    0.00056   0.00174     9.74   grouped wins
    arm2:breslow                               +0.01418    0.00057   0.00177     8.01   grouped wins
    arm2:efron                                 +0.00135    0.00041   0.00128     1.05   not resolved
    cox:breslow+breslow                        +0.29209    0.00076   0.00237   123.44   grouped wins
    cox:breslow+kalbfleisch-prentice           +0.01418    0.00057   0.00177     8.01   grouped wins
    cox:breslow+nelson-aalen                   +0.30024    0.00072   0.00224   134.27   grouped wins
    cox:efron+breslow                          +0.29336    0.00084   0.00261   112.35   grouped wins
    cox:efron+kalbfleisch-prentice             +0.00135    0.00041   0.00128     1.05   not resolved
    cox:efron+nelson-aalen                     +0.30852    0.00077   0.00237   129.92   grouped wins
    ours:joint-logit                           -0.00031    0.00012   0.00036     0.86   not resolved
    ------------------------------------------------------------------------------------
    E1 coefficient effect, alpha profiled by MLE in the matching link
      tie method            vs cloglog MLE     NB SE   vs logit MLE     NB SE
      breslow                     +0.01418   0.00177       +0.03017   0.00223
      efron                       +0.00135   0.00128       +0.01729   0.00179
      exact-discrete            infeasible               infeasible          
    ------------------------------------------------------------------------------------
    E3 decomposition of D_T (Efron coefficients)
      baseline representation  arm1 -> arm2 = +0.29201  (NB SE 0.00297)
      coefficient estimation   arm2 -> arm3 = +0.00135  (NB SE 0.00128)
      total                    arm1 -> arm3 = +0.29336  (NB SE 0.00261)
      share of D_T attributable to the baseline = 99.5%

  SUBSAMPLE n_train=2986  (20 splits)   D_T = NLL(arm) - NLL(grouped cloglog)
    arm                                             D_T   naive SE    N-B SE   |D|/NB   verdict
    arm2-logit:breslow                         +0.01918    0.00283   0.00877     2.19   grouped wins
    arm2-logit:efron                           +0.00665    0.00279   0.00864     0.77   not resolved
    arm2-logit:exact-discrete                  -0.00559    0.00179   0.00554     1.01   not resolved
    arm2:breslow                               +0.00379    0.00279   0.00865     0.44   not resolved
    arm2:efron                                 -0.00770    0.00268   0.00828     0.93   not resolved
    arm2:exact-discrete                        +0.04937    0.00280   0.00868     5.69   grouped wins
    cox:breslow+breslow                        +0.28352    0.00291   0.00902    31.44   grouped wins
    cox:breslow+kalbfleisch-prentice           +0.00586    0.00294   0.00909     0.65   not resolved
    cox:breslow+nelson-aalen                   +0.29155    0.00287   0.00887    32.86   grouped wins
    cox:efron+breslow                          +0.28539    0.00298   0.00922    30.95   grouped wins
    cox:efron+kalbfleisch-prentice             -0.00594    0.00281   0.00870     0.68   not resolved
    cox:efron+nelson-aalen                     +0.30033    0.00290   0.00896    33.53   grouped wins
    cox:exact-discrete+breslow                 +3.87500    0.69432   2.14805     1.80   not resolved
    cox:exact-discrete+kalbfleisch-prentice    +0.05059    0.00282   0.00872     5.80   grouped wins
    cox:exact-discrete+nelson-aalen            +4.28727    0.76805   2.37618     1.80   not resolved
    ours:joint-logit                           +0.00152    0.00090   0.00279     0.54   not resolved
    ------------------------------------------------------------------------------------
    E1 coefficient effect, alpha profiled by MLE in the matching link
      tie method            vs cloglog MLE     NB SE   vs logit MLE     NB SE
      breslow                     +0.00379   0.00865       +0.01767   0.00928
      efron                       -0.00770   0.00828       +0.00513   0.00920
      exact-discrete              +0.04937   0.00868       -0.00710   0.00707
    ------------------------------------------------------------------------------------
    E3 decomposition of D_T (Efron coefficients)
      baseline representation  arm1 -> arm2 = +0.29309  (NB SE 0.00435)
      coefficient estimation   arm2 -> arm3 = -0.00770  (NB SE 0.00828)
      total                    arm1 -> arm3 = +0.28539  (NB SE 0.00922)
      share of D_T attributable to the baseline = 102.7%

----------------------------------------------------------------------------------------------------
sparcs/drg302 @ T=10   n=34233  rows/bin=3423  modal bin mass=0.6673
  exact-discrete cost on the full cohort = 781,984,419 (max_t d_t = 22842); budget = 8,000,000 -> INFEASIBLE, subsampling
  20 full splits, 20 subsampled splits, 1628s

  FULL COHORT  (20 splits)   D_T = NLL(arm) - NLL(grouped cloglog)
    arm                                             D_T   naive SE    N-B SE   |D|/NB   verdict
    arm2-logit:breslow                         +0.01817    0.00044   0.00136    13.36   grouped wins
    arm2-logit:efron                           +0.00763    0.00033   0.00103     7.41   grouped wins
    arm2:breslow                               +0.00637    0.00033   0.00101     6.29   grouped wins
    arm2:efron                                 -0.00031    0.00023   0.00071     0.44   not resolved
    cox:breslow+breslow                        +0.14373    0.00078   0.00242    59.51   grouped wins
    cox:breslow+kalbfleisch-prentice           +0.00637    0.00033   0.00101     6.29   grouped wins
    cox:breslow+nelson-aalen                   +0.15954    0.00076   0.00236    67.55   grouped wins
    cox:efron+breslow                          +0.14313    0.00085   0.00264    54.29   grouped wins
    cox:efron+kalbfleisch-prentice             -0.00031    0.00023   0.00071     0.44   not resolved
    cox:efron+nelson-aalen                     +0.16655    0.00083   0.00256    65.16   grouped wins
    ours:joint-logit                           -0.00047    0.00013   0.00039     1.20   not resolved
    ------------------------------------------------------------------------------------
    E1 coefficient effect, alpha profiled by MLE in the matching link
      tie method            vs cloglog MLE     NB SE   vs logit MLE     NB SE
      breslow                     +0.00637   0.00101       +0.01864   0.00142
      efron                       -0.00031   0.00071       +0.00811   0.00104
      exact-discrete            infeasible               infeasible          
    ------------------------------------------------------------------------------------
    E3 decomposition of D_T (Efron coefficients)
      baseline representation  arm1 -> arm2 = +0.14344  (NB SE 0.00257)
      coefficient estimation   arm2 -> arm3 = -0.00031  (NB SE 0.00071)
      total                    arm1 -> arm3 = +0.14313  (NB SE 0.00264)
      share of D_T attributable to the baseline = 100.2%

  SUBSAMPLE n_train=3505  (20 splits)   D_T = NLL(arm) - NLL(grouped cloglog)
    arm                                             D_T   naive SE    N-B SE   |D|/NB   verdict
    arm2-logit:breslow                         +0.00914    0.00351   0.01086     0.84   not resolved
    arm2-logit:efron                           -0.00093    0.00341   0.01053     0.09   not resolved
    arm2-logit:exact-discrete                  -0.00464    0.00144   0.00446     1.04   not resolved
    arm2:breslow                               -0.00215    0.00340   0.01052     0.20   not resolved
    arm2:efron                                 -0.00779    0.00316   0.00977     0.80   not resolved
    arm2:exact-discrete                        +0.01506    0.00138   0.00428     3.52   grouped wins
    cox:breslow+breslow                        +0.13741    0.00354   0.01094    12.56   grouped wins
    cox:breslow+kalbfleisch-prentice           +0.00005    0.00345   0.01069     0.00   not resolved
    cox:breslow+nelson-aalen                   +0.15292    0.00352   0.01089    14.05   grouped wins
    cox:efron+breslow                          +0.13729    0.00343   0.01062    12.92   grouped wins
    cox:efron+kalbfleisch-prentice             -0.00571    0.00319   0.00987     0.58   not resolved
    cox:efron+nelson-aalen                     +0.16020    0.00350   0.01082    14.81   grouped wins
    cox:exact-discrete+breslow                 +2.49659    0.59307   1.83482     1.36   not resolved
    cox:exact-discrete+kalbfleisch-prentice    +0.01721    0.00141   0.00435     3.95   grouped wins
    cox:exact-discrete+nelson-aalen            +3.72019    0.89382   2.76526     1.35   not resolved
    ours:joint-logit                           +0.00034    0.00106   0.00328     0.10   not resolved
    ------------------------------------------------------------------------------------
    E1 coefficient effect, alpha profiled by MLE in the matching link
      tie method            vs cloglog MLE     NB SE   vs logit MLE     NB SE
      breslow                     -0.00215   0.01052       +0.00880   0.01095
      efron                       -0.00779   0.00977       -0.00127   0.01063
      exact-discrete              +0.01506   0.00428       -0.00498   0.00531
    ------------------------------------------------------------------------------------
    E3 decomposition of D_T (Efron coefficients)
      baseline representation  arm1 -> arm2 = +0.14508  (NB SE 0.00447)
      coefficient estimation   arm2 -> arm3 = -0.00779  (NB SE 0.00977)
      total                    arm1 -> arm3 = +0.13729  (NB SE 0.01062)
      share of D_T attributable to the baseline = 105.7%

----------------------------------------------------------------------------------------------------
sparcs/drg302 @ T=15   n=34233  rows/bin=2282  modal bin mass=0.7184
  exact-discrete cost on the full cohort = 841,926,402 (max_t d_t = 24593); budget = 8,000,000 -> INFEASIBLE, subsampling
    split 6: SUB FAILED RuntimeError: [enforce fail at alloc_cpu.cpp:117] data. DefaultCPUAllocato
  20 full splits, 19 subsampled splits, 1380s

  FULL COHORT  (20 splits)   D_T = NLL(arm) - NLL(grouped cloglog)
    arm                                             D_T   naive SE    N-B SE   |D|/NB   verdict
    arm2-logit:breslow                         +0.01890    0.00040   0.00124    15.19   grouped wins
    arm2-logit:efron                           +0.00911    0.00028   0.00088    10.36   grouped wins
    arm2:breslow                               +0.00694    0.00026   0.00082     8.50   grouped wins
    arm2:efron                                 +0.00045    0.00008   0.00025     1.77   not resolved
    cox:breslow+breslow                        +0.16808    0.00107   0.00330    50.92   grouped wins
    cox:breslow+kalbfleisch-prentice           +0.00694    0.00026   0.00082     8.50   grouped wins
    cox:breslow+nelson-aalen                   +0.18400    0.00100   0.00310    59.29   grouped wins
    cox:efron+breslow                          +0.16779    0.00113   0.00350    47.88   grouped wins
    cox:efron+kalbfleisch-prentice             +0.00045    0.00008   0.00025     1.77   not resolved
    cox:efron+nelson-aalen                     +0.19085    0.00104   0.00322    59.35   grouped wins
    ours:joint-logit                           +0.00002    0.00013   0.00040     0.06   not resolved
    ------------------------------------------------------------------------------------
    E1 coefficient effect, alpha profiled by MLE in the matching link
      tie method            vs cloglog MLE     NB SE   vs logit MLE     NB SE
      breslow                     +0.00694   0.00082       +0.01888   0.00125
      efron                       +0.00045   0.00025       +0.00909   0.00090
      exact-discrete            infeasible               infeasible          
    ------------------------------------------------------------------------------------
    E3 decomposition of D_T (Efron coefficients)
      baseline representation  arm1 -> arm2 = +0.16734  (NB SE 0.00359)
      coefficient estimation   arm2 -> arm3 = +0.00045  (NB SE 0.00025)
      total                    arm1 -> arm3 = +0.16779  (NB SE 0.00350)
      share of D_T attributable to the baseline = 99.7%

  SUBSAMPLE n_train=3347  (19 splits)   D_T = NLL(arm) - NLL(grouped cloglog)
    arm                                             D_T   naive SE    N-B SE   |D|/NB   verdict
    arm2-logit:breslow                         +0.00740    0.00532   0.01610     0.46   not resolved
    arm2-logit:efron                           -0.00179    0.00514   0.01555     0.12   not resolved
    arm2-logit:exact-discrete                  -0.00592    0.00214   0.00648     0.91   not resolved
    arm2:breslow                               -0.00246    0.00401   0.01211     0.20   not resolved
    arm2:efron                                 -0.00669    0.00258   0.00782     0.86   not resolved
    arm2:exact-discrete                        +0.01390    0.00225   0.00680     2.04   grouped wins
    cox:breslow+breslow                        +0.16063    0.00494   0.01495    10.75   grouped wins
    cox:breslow+kalbfleisch-prentice           +0.00008    0.00403   0.01220     0.01   not resolved
    cox:breslow+nelson-aalen                   +0.17597    0.00511   0.01545    11.39   grouped wins
    cox:efron+breslow                          +0.16216    0.00367   0.01110    14.61   grouped wins
    cox:efron+kalbfleisch-prentice             -0.00422    0.00255   0.00772     0.55   not resolved
    cox:efron+nelson-aalen                     +0.18408    0.00410   0.01241    14.83   grouped wins
    cox:exact-discrete+breslow                 +0.26160    0.06210   0.18777     1.39   not resolved
    cox:exact-discrete+kalbfleisch-prentice    +0.01639    0.00202   0.00610     2.69   grouped wins
    cox:exact-discrete+nelson-aalen            +0.74634    0.50823   1.53673     0.49   not resolved
    ours:joint-logit                           -0.00049    0.00050   0.00150     0.33   not resolved
    ------------------------------------------------------------------------------------
    E1 coefficient effect, alpha profiled by MLE in the matching link
      tie method            vs cloglog MLE     NB SE   vs logit MLE     NB SE
      breslow                     -0.00246   0.01211       +0.00788   0.01578
      efron                       -0.00669   0.00782       -0.00130   0.01522
      exact-discrete              +0.01390   0.00680       -0.00543   0.00593
    ------------------------------------------------------------------------------------
    E3 decomposition of D_T (Efron coefficients)
      baseline representation  arm1 -> arm2 = +0.16885  (NB SE 0.00524)
      coefficient estimation   arm2 -> arm3 = -0.00669  (NB SE 0.00782)
      total                    arm1 -> arm3 = +0.16216  (NB SE 0.01110)
      share of D_T attributable to the baseline = 104.1%

----------------------------------------------------------------------------------------------------
sparcs/drg302 @ T=30   n=34233  rows/bin=1141  modal bin mass=0.5448
  exact-discrete cost on the full cohort = 638,513,916 (max_t d_t = 18651); budget = 8,000,000 -> INFEASIBLE, subsampling
  20 full splits, 20 subsampled splits, 2305s

  FULL COHORT  (20 splits)   D_T = NLL(arm) - NLL(grouped cloglog)
    arm                                             D_T   naive SE    N-B SE   |D|/NB   verdict
    arm2-logit:breslow                         +0.00817    0.00034   0.00104     7.85   grouped wins
    arm2-logit:efron                           +0.00312    0.00026   0.00080     3.89   grouped wins
    arm2:breslow                               +0.00255    0.00027   0.00084     3.04   grouped wins
    arm2:efron                                 +0.00022    0.00019   0.00058     0.38   not resolved
    cox:breslow+breslow                        +0.06780    0.00070   0.00218    31.11   grouped wins
    cox:breslow+kalbfleisch-prentice           +0.00257    0.00028   0.00087     2.96   grouped wins
    cox:breslow+nelson-aalen                   +0.08776    0.00072   0.00223    39.35   grouped wins
    cox:efron+breslow                          +0.06707    0.00075   0.00232    28.90   grouped wins
    cox:efron+kalbfleisch-prentice             +0.00024    0.00020   0.00060     0.40   not resolved
    cox:efron+nelson-aalen                     +0.09211    0.00077   0.00238    38.72   grouped wins
    ours:joint-logit                           -0.00025    0.00011   0.00034     0.72   not resolved
    ------------------------------------------------------------------------------------
    E1 coefficient effect, alpha profiled by MLE in the matching link
      tie method            vs cloglog MLE     NB SE   vs logit MLE     NB SE
      breslow                     +0.00255   0.00084       +0.00841   0.00090
      efron                       +0.00022   0.00058       +0.00336   0.00065
      exact-discrete            infeasible               infeasible          
    ------------------------------------------------------------------------------------
    E3 decomposition of D_T (Efron coefficients)
      baseline representation  arm1 -> arm2 = +0.06685  (NB SE 0.00219)
      coefficient estimation   arm2 -> arm3 = +0.00022  (NB SE 0.00058)
      total                    arm1 -> arm3 = +0.06707  (NB SE 0.00232)
      share of D_T attributable to the baseline = 99.7%

  SUBSAMPLE n_train=3854  (20 splits)   D_T = NLL(arm) - NLL(grouped cloglog)
    arm                                             D_T   naive SE    N-B SE   |D|/NB   verdict
    arm2-logit:breslow                         -0.01411    0.01134   0.03508     0.40   not resolved
    arm2-logit:efron                           -0.01862    0.01131   0.03499     0.53   not resolved
    arm2-logit:exact-discrete                  -0.02096    0.01131   0.03498     0.60   not resolved
    arm2:breslow                               -0.01787    0.01101   0.03406     0.52   not resolved
    arm2:efron                                 -0.01743    0.01069   0.03307     0.53   not resolved
    arm2:exact-discrete                        -0.00850    0.01108   0.03427     0.25   not resolved
    cox:breslow+breslow                        +0.04883    0.01115   0.03449     1.42   not resolved
    cox:breslow+kalbfleisch-prentice           -0.01601    0.01093   0.03381     0.47   not resolved
    cox:breslow+nelson-aalen                   +0.06747    0.01124   0.03477     1.94   not resolved
    cox:efron+breslow                          +0.05022    0.01082   0.03348     1.50   not resolved
    cox:efron+kalbfleisch-prentice             -0.01564    0.01070   0.03310     0.47   not resolved
    cox:efron+nelson-aalen                     +0.07337    0.01095   0.03387     2.17   grouped wins
    cox:exact-discrete+breslow                 +0.06179    0.01096   0.03391     1.82   not resolved
    cox:exact-discrete+kalbfleisch-prentice    -0.00682    0.01106   0.03422     0.20   not resolved
    cox:exact-discrete+nelson-aalen            +0.09285    0.01098   0.03397     2.73   grouped wins
    ours:joint-logit                           -0.00382    0.00462   0.01430     0.27   not resolved
    ------------------------------------------------------------------------------------
    E1 coefficient effect, alpha profiled by MLE in the matching link
      tie method            vs cloglog MLE     NB SE   vs logit MLE     NB SE
      breslow                     -0.01787   0.03406       -0.01029   0.03221
      efron                       -0.01743   0.03307       -0.01480   0.03243
      exact-discrete              -0.00850   0.03427       -0.01714   0.03273
    ------------------------------------------------------------------------------------
    E3 decomposition of D_T (Efron coefficients)
      baseline representation  arm1 -> arm2 = +0.06765  (NB SE 0.00514)
      coefficient estimation   arm2 -> arm3 = -0.01743  (NB SE 0.03307)
      total                    arm1 -> arm3 = +0.05022  (NB SE 0.03348)
      share of D_T attributable to the baseline = 134.7%

----------------------------------------------------------------------------------------------------
drsa/music @ T=6   n=50000  rows/bin=8333  modal bin mass=0.4315
  exact-discrete cost on the full cohort = 766,800,000 (max_t d_t = 15335); budget = 8,000,000 -> INFEASIBLE, subsampling
  20 full splits, 20 subsampled splits, 439s

  FULL COHORT  (20 splits)   D_T = NLL(arm) - NLL(grouped cloglog)
    arm                                             D_T   naive SE    N-B SE   |D|/NB   verdict
    arm2-logit:breslow                         -0.00001    0.00002   0.00006     0.18   not resolved
    arm2-logit:efron                           -0.00003    0.00002   0.00005     0.69   not resolved
    arm2:breslow                               -0.00000    0.00001   0.00003     0.06   not resolved
    arm2:efron                                 -0.00000    0.00000   0.00001     0.40   not resolved
    cox:breslow+breslow                        +0.02025    0.00040   0.00122    16.57   grouped wins
    cox:breslow+kalbfleisch-prentice           -0.00000    0.00001   0.00003     0.06   not resolved
    cox:breslow+nelson-aalen                   +0.02035    0.00040   0.00122    16.63   grouped wins
    cox:efron+breslow                          +0.02025    0.00039   0.00122    16.59   grouped wins
    cox:efron+kalbfleisch-prentice             -0.00000    0.00000   0.00001     0.40   not resolved
    cox:efron+nelson-aalen                     +0.02038    0.00040   0.00122    16.67   grouped wins
    ours:joint-logit                           -0.00005    0.00001   0.00002     2.26   arm wins
    ------------------------------------------------------------------------------------
    E1 coefficient effect, alpha profiled by MLE in the matching link
      tie method            vs cloglog MLE     NB SE   vs logit MLE     NB SE
      breslow                     -0.00000   0.00003       +0.00004   0.00007
      efron                       -0.00000   0.00001       +0.00002   0.00006
      exact-discrete            infeasible               infeasible          
    ------------------------------------------------------------------------------------
    E3 decomposition of D_T (Efron coefficients)
      baseline representation  arm1 -> arm2 = +0.02026  (NB SE 0.00122)
      coefficient estimation   arm2 -> arm3 = -0.00000  (NB SE 0.00001)
      total                    arm1 -> arm3 = +0.02025  (NB SE 0.00122)
      share of D_T attributable to the baseline = 100.0%

  SUBSAMPLE n_train=5076  (20 splits)   D_T = NLL(arm) - NLL(grouped cloglog)
    arm                                             D_T   naive SE    N-B SE   |D|/NB   verdict
    arm2-logit:breslow                         -0.00018    0.00004   0.00012     1.54   not resolved
    arm2-logit:efron                           -0.00014    0.00003   0.00009     1.66   not resolved
    arm2-logit:exact-discrete                  -0.00005    0.00002   0.00005     0.98   not resolved
    arm2:breslow                               -0.00011    0.00002   0.00007     1.53   not resolved
    arm2:efron                                 -0.00002    0.00000   0.00001     1.53   not resolved
    arm2:exact-discrete                        +0.00025    0.00005   0.00016     1.56   not resolved
    cox:breslow+breslow                        +0.02025    0.00054   0.00168    12.03   grouped wins
    cox:breslow+kalbfleisch-prentice           -0.00011    0.00002   0.00007     1.53   not resolved
    cox:breslow+nelson-aalen                   +0.02042    0.00055   0.00169    12.06   grouped wins
    cox:efron+breslow                          +0.02033    0.00055   0.00169    12.02   grouped wins
    cox:efron+kalbfleisch-prentice             -0.00002    0.00000   0.00001     1.53   not resolved
    cox:efron+nelson-aalen                     +0.02053    0.00055   0.00171    12.03   grouped wins
    cox:exact-discrete+breslow                 +0.02059    0.00054   0.00168    12.24   grouped wins
    cox:exact-discrete+kalbfleisch-prentice    +0.00025    0.00005   0.00016     1.56   not resolved
    cox:exact-discrete+nelson-aalen            +0.02086    0.00055   0.00171    12.22   grouped wins
    ours:joint-logit                           -0.00005    0.00002   0.00005     0.97   not resolved
    ------------------------------------------------------------------------------------
    E1 coefficient effect, alpha profiled by MLE in the matching link
      tie method            vs cloglog MLE     NB SE   vs logit MLE     NB SE
      breslow                     -0.00011   0.00007       -0.00013   0.00013
      efron                       -0.00002   0.00001       -0.00009   0.00011
      exact-discrete              +0.00025   0.00016       -0.00000   0.00000
    ------------------------------------------------------------------------------------
    E3 decomposition of D_T (Efron coefficients)
      baseline representation  arm1 -> arm2 = +0.02035  (NB SE 0.00169)
      coefficient estimation   arm2 -> arm3 = -0.00002  (NB SE 0.00001)
      total                    arm1 -> arm3 = +0.02033  (NB SE 0.00169)
      share of D_T attributable to the baseline = 100.1%

----------------------------------------------------------------------------------------------------
drsa/music @ T=12   n=50000  rows/bin=4167  modal bin mass=0.2331
  exact-discrete cost on the full cohort = 396,900,000 (max_t d_t = 7937); budget = 8,000,000 -> INFEASIBLE, subsampling
  20 full splits, 20 subsampled splits, 628s

  FULL COHORT  (20 splits)   D_T = NLL(arm) - NLL(grouped cloglog)
    arm                                             D_T   naive SE    N-B SE   |D|/NB   verdict
    arm2-logit:breslow                         -0.00002    0.00001   0.00004     0.51   not resolved
    arm2-logit:efron                           -0.00003    0.00001   0.00003     0.97   not resolved
    arm2:breslow                               -0.00000    0.00001   0.00002     0.15   not resolved
    arm2:efron                                 -0.00000    0.00000   0.00000     0.41   not resolved
    cox:breslow+breslow                        +0.00736    0.00027   0.00083     8.91   grouped wins
    cox:breslow+kalbfleisch-prentice           -0.00000    0.00001   0.00002     0.15   not resolved
    cox:breslow+nelson-aalen                   +0.00746    0.00027   0.00083     9.01   grouped wins
    cox:efron+breslow                          +0.00736    0.00027   0.00082     8.94   grouped wins
    cox:efron+kalbfleisch-prentice             -0.00000    0.00000   0.00000     0.41   not resolved
    cox:efron+nelson-aalen                     +0.00747    0.00027   0.00083     9.06   grouped wins
    ours:joint-logit                           -0.00004    0.00001   0.00002     2.33   arm wins
    ------------------------------------------------------------------------------------
    E1 coefficient effect, alpha profiled by MLE in the matching link
      tie method            vs cloglog MLE     NB SE   vs logit MLE     NB SE
      breslow                     -0.00000   0.00002       +0.00001   0.00005
      efron                       -0.00000   0.00000       +0.00000   0.00004
      exact-discrete            infeasible               infeasible          
    ------------------------------------------------------------------------------------
    E3 decomposition of D_T (Efron coefficients)
      baseline representation  arm1 -> arm2 = +0.00736  (NB SE 0.00082)
      coefficient estimation   arm2 -> arm3 = -0.00000  (NB SE 0.00000)
      total                    arm1 -> arm3 = +0.00736  (NB SE 0.00082)
      share of D_T attributable to the baseline = 100.0%

  SUBSAMPLE n_train=7187  (20 splits)   D_T = NLL(arm) - NLL(grouped cloglog)
    arm                                             D_T   naive SE    N-B SE   |D|/NB   verdict
    arm2-logit:breslow                         -0.00010    0.00003   0.00009     1.10   not resolved
    arm2-logit:efron                           -0.00007    0.00002   0.00007     1.02   not resolved
    arm2-logit:exact-discrete                  -0.00002    0.00001   0.00005     0.45   not resolved
    arm2:breslow                               -0.00004    0.00002   0.00007     0.53   not resolved
    arm2:efron                                 +0.00000    0.00001   0.00003     0.16   not resolved
    arm2:exact-discrete                        +0.00012    0.00003   0.00008     1.49   not resolved
    cox:breslow+breslow                        +0.00766    0.00040   0.00125     6.12   grouped wins
    cox:breslow+kalbfleisch-prentice           +0.00035    0.00016   0.00051     0.69   not resolved
    cox:breslow+nelson-aalen                   +0.00780    0.00041   0.00125     6.21   grouped wins
    cox:efron+breslow                          +0.00770    0.00040   0.00125     6.15   grouped wins
    cox:efron+kalbfleisch-prentice             +0.00040    0.00016   0.00050     0.79   not resolved
    cox:efron+nelson-aalen                     +0.00786    0.00041   0.00126     6.25   grouped wins
    cox:exact-discrete+breslow                 +0.00779    0.00040   0.00123     6.32   grouped wins
    cox:exact-discrete+kalbfleisch-prentice    +0.00049    0.00016   0.00050     1.00   not resolved
    cox:exact-discrete+nelson-aalen            +0.00798    0.00040   0.00124     6.42   grouped wins
    ours:joint-logit                           -0.00000    0.00002   0.00005     0.09   not resolved
    ------------------------------------------------------------------------------------
    E1 coefficient effect, alpha profiled by MLE in the matching link
      tie method            vs cloglog MLE     NB SE   vs logit MLE     NB SE
      breslow                     -0.00004   0.00007       -0.00010   0.00009
      efron                       +0.00000   0.00003       -0.00006   0.00007
      exact-discrete              +0.00012   0.00008       -0.00002   0.00003
    ------------------------------------------------------------------------------------
    E3 decomposition of D_T (Efron coefficients)
      baseline representation  arm1 -> arm2 = +0.00770  (NB SE 0.00125)
      coefficient estimation   arm2 -> arm3 = +0.00000  (NB SE 0.00003)
      total                    arm1 -> arm3 = +0.00770  (NB SE 0.00125)
      share of D_T attributable to the baseline = 99.9%

----------------------------------------------------------------------------------------------------
drsa/music @ T=30   n=50000  rows/bin=1667  modal bin mass=0.0955
  exact-discrete cost on the full cohort = 167,500,000 (max_t d_t = 3349); budget = 8,000,000 -> INFEASIBLE, subsampling
  20 full splits, 20 subsampled splits, 1534s

  FULL COHORT  (20 splits)   D_T = NLL(arm) - NLL(grouped cloglog)
    arm                                             D_T   naive SE    N-B SE   |D|/NB   verdict
    arm2-logit:breslow                         -0.00002    0.00001   0.00002     0.84   not resolved
    arm2-logit:efron                           -0.00002    0.00001   0.00002     1.19   not resolved
    arm2:breslow                               -0.00000    0.00000   0.00001     0.33   not resolved
    arm2:efron                                 -0.00000    0.00000   0.00000     0.42   not resolved
    cox:breslow+breslow                        +0.00134    0.00013   0.00040     3.32   grouped wins
    cox:breslow+kalbfleisch-prentice           -0.00000    0.00000   0.00001     0.33   not resolved
    cox:breslow+nelson-aalen                   +0.00139    0.00013   0.00041     3.41   grouped wins
    cox:efron+breslow                          +0.00134    0.00013   0.00040     3.34   grouped wins
    cox:efron+kalbfleisch-prentice             -0.00000    0.00000   0.00000     0.42   not resolved
    cox:efron+nelson-aalen                     +0.00140    0.00013   0.00041     3.43   grouped wins
    ours:joint-logit                           -0.00002    0.00000   0.00001     2.52   arm wins
    ------------------------------------------------------------------------------------
    E1 coefficient effect, alpha profiled by MLE in the matching link
      tie method            vs cloglog MLE     NB SE   vs logit MLE     NB SE
      breslow                     -0.00000   0.00001       -0.00000   0.00002
      efron                       -0.00000   0.00000       -0.00000   0.00002
      exact-discrete            infeasible               infeasible          
    ------------------------------------------------------------------------------------
    E3 decomposition of D_T (Efron coefficients)
      baseline representation  arm1 -> arm2 = +0.00134  (NB SE 0.00040)
      coefficient estimation   arm2 -> arm3 = -0.00000  (NB SE 0.00000)
      total                    arm1 -> arm3 = +0.00134  (NB SE 0.00040)
      share of D_T attributable to the baseline = 100.0%

  SUBSAMPLE n_train=11089  (20 splits)   D_T = NLL(arm) - NLL(grouped cloglog)
    arm                                             D_T   naive SE    N-B SE   |D|/NB   verdict
    arm2-logit:breslow                         -0.00005    0.00001   0.00004     1.22   not resolved
    arm2-logit:efron                           -0.00003    0.00001   0.00003     1.06   not resolved
    arm2-logit:exact-discrete                  -0.00001    0.00001   0.00002     0.52   not resolved
    arm2:breslow                               -0.00002    0.00001   0.00003     0.59   not resolved
    arm2:efron                                 -0.00000    0.00001   0.00002     0.02   not resolved
    arm2:exact-discrete                        +0.00003    0.00001   0.00004     0.89   not resolved
    cox:breslow+breslow                        +0.00139    0.00018   0.00056     2.48   grouped wins
    cox:breslow+kalbfleisch-prentice           +0.00014    0.00006   0.00019     0.72   not resolved
    cox:breslow+nelson-aalen                   +0.00146    0.00018   0.00057     2.56   grouped wins
    cox:efron+breslow                          +0.00141    0.00018   0.00056     2.53   grouped wins
    cox:efron+kalbfleisch-prentice             +0.00016    0.00006   0.00019     0.86   not resolved
    cox:efron+nelson-aalen                     +0.00149    0.00018   0.00057     2.61   grouped wins
    cox:exact-discrete+breslow                 +0.00144    0.00018   0.00055     2.62   grouped wins
    cox:exact-discrete+kalbfleisch-prentice    +0.00019    0.00006   0.00019     1.04   not resolved
    cox:exact-discrete+nelson-aalen            +0.00152    0.00018   0.00057     2.70   grouped wins
    ours:joint-logit                           -0.00001    0.00000   0.00001     1.17   not resolved
    ------------------------------------------------------------------------------------
    E1 coefficient effect, alpha profiled by MLE in the matching link
      tie method            vs cloglog MLE     NB SE   vs logit MLE     NB SE
      breslow                     -0.00002   0.00003       -0.00003   0.00004
      efron                       -0.00000   0.00002       -0.00002   0.00003
      exact-discrete              +0.00003   0.00004       +0.00000   0.00001
    ------------------------------------------------------------------------------------
    E3 decomposition of D_T (Efron coefficients)
      baseline representation  arm1 -> arm2 = +0.00141  (NB SE 0.00056)
      coefficient estimation   arm2 -> arm3 = -0.00000  (NB SE 0.00002)
      total                    arm1 -> arm3 = +0.00141  (NB SE 0.00056)
      share of D_T attributable to the baseline = 100.0%

----------------------------------------------------------------------------------------------------
drsa/music @ T=60   n=50000  rows/bin=833  modal bin mass=0.0487
  exact-discrete cost on the full cohort = 87,800,000 (max_t d_t = 1755); budget = 8,000,000 -> INFEASIBLE, subsampling
  20 full splits, 20 subsampled splits, 4916s

  FULL COHORT  (20 splits)   D_T = NLL(arm) - NLL(grouped cloglog)
    arm                                             D_T   naive SE    N-B SE   |D|/NB   verdict
    arm2-logit:breslow                         -0.00001    0.00000   0.00001     0.99   not resolved
    arm2-logit:efron                           -0.00001    0.00000   0.00001     1.29   not resolved
    arm2:breslow                               -0.00000    0.00000   0.00000     0.40   not resolved
    arm2:efron                                 -0.00000    0.00000   0.00000     0.46   not resolved
    cox:breslow+breslow                        +0.00028    0.00007   0.00022     1.25   not resolved
    cox:breslow+kalbfleisch-prentice           -0.00000    0.00000   0.00000     0.40   not resolved
    cox:breslow+nelson-aalen                   +0.00031    0.00007   0.00023     1.34   not resolved
    cox:efron+breslow                          +0.00028    0.00007   0.00022     1.26   not resolved
    cox:efron+kalbfleisch-prentice             -0.00000    0.00000   0.00000     0.45   not resolved
    cox:efron+nelson-aalen                     +0.00031    0.00007   0.00023     1.36   not resolved
    ours:joint-logit                           -0.00001    0.00000   0.00000     2.43   arm wins
    ------------------------------------------------------------------------------------
    E1 coefficient effect, alpha profiled by MLE in the matching link
      tie method            vs cloglog MLE     NB SE   vs logit MLE     NB SE
      breslow                     -0.00000   0.00000       -0.00000   0.00001
      efron                       -0.00000   0.00000       -0.00000   0.00001
      exact-discrete            infeasible               infeasible          
    ------------------------------------------------------------------------------------
    E3 decomposition of D_T (Efron coefficients)
      baseline representation  arm1 -> arm2 = +0.00028  (NB SE 0.00022)
      coefficient estimation   arm2 -> arm3 = -0.00000  (NB SE 0.00000)
      total                    arm1 -> arm3 = +0.00028  (NB SE 0.00022)
      share of D_T attributable to the baseline = 100.0%

  SUBSAMPLE n_train=14971  (20 splits)   D_T = NLL(arm) - NLL(grouped cloglog)
    arm                                             D_T   naive SE    N-B SE   |D|/NB   verdict
    arm2-logit:breslow                         -0.00002    0.00001   0.00002     1.24   not resolved
    arm2-logit:efron                           -0.00001    0.00000   0.00001     1.21   not resolved
    arm2-logit:exact-discrete                  -0.00001    0.00000   0.00000     2.04   arm wins
    arm2:breslow                               -0.00001    0.00000   0.00001     1.16   not resolved
    arm2:efron                                 -0.00000    0.00000   0.00000     0.82   not resolved
    arm2:exact-discrete                        +0.00001    0.00000   0.00001     0.52   not resolved
    cox:breslow+breslow                        +0.00028    0.00008   0.00024     1.16   not resolved
    cox:breslow+kalbfleisch-prentice           -0.00001    0.00000   0.00001     0.93   not resolved
    cox:breslow+nelson-aalen                   +0.00031    0.00008   0.00025     1.27   not resolved
    cox:efron+breslow                          +0.00029    0.00008   0.00024     1.20   not resolved
    cox:efron+kalbfleisch-prentice             -0.00000    0.00000   0.00001     0.34   not resolved
    cox:efron+nelson-aalen                     +0.00032    0.00008   0.00025     1.31   not resolved
    cox:exact-discrete+breslow                 +0.00029    0.00008   0.00023     1.25   not resolved
    cox:exact-discrete+kalbfleisch-prentice    +0.00001    0.00000   0.00001     0.37   not resolved
    cox:exact-discrete+nelson-aalen            +0.00033    0.00008   0.00024     1.35   not resolved
    ours:joint-logit                           -0.00001    0.00000   0.00000     2.01   arm wins
    ------------------------------------------------------------------------------------
    E1 coefficient effect, alpha profiled by MLE in the matching link
      tie method            vs cloglog MLE     NB SE   vs logit MLE     NB SE
      breslow                     -0.00001   0.00001       -0.00001   0.00002
      efron                       -0.00000   0.00000       -0.00001   0.00001
      exact-discrete              +0.00001   0.00001       -0.00000   0.00000
    ------------------------------------------------------------------------------------
    E3 decomposition of D_T (Efron coefficients)
      baseline representation  arm1 -> arm2 = +0.00029  (NB SE 0.00024)
      coefficient estimation   arm2 -> arm3 = -0.00000  (NB SE 0.00000)
      total                    arm1 -> arm3 = +0.00029  (NB SE 0.00024)
      share of D_T attributable to the baseline = 100.1%

wrote [PROJECT_ROOT]\experiments\protocol_decomp.txt
